"NOME_ENTIDADE";"CNPJ_CPF_COD_TCE_ENTIDADE";"CNPJ_DIREITO_PUBLICO";"ATIVO";"ESFERA";"PREVIDENCIA"
"1123959";"CAMARA MUNICIPAL DE BOM JESUS DO ARAGUAIA";"S";"N";"04235199000198";"M"
"1116391";"FUNDO DE APERFEICOAMENTO DOS SERVICOS JURIDICOS DA PGE";"S";"N";"00334094000135";"E"
"1116615";"PREFEITURA MUNICIPAL DE ALTO TAQUARI";"S";"N";"01362680000156";"M"
"1116623";"CAMARA MUNICIPAL DE MIRASSOL DOESTE";"S";"N";"03756178000155";"M"
"1116698";"CAMARA MUNICIPAL DE ALTO ARAGUAIA";"S";"N";"01362664000163";"M"
"1116946";"FUNDO DE DESENVOLVIMENTO INDUSTRIAL E COMERCIAL";"S";"N";"13236967000119";"E"
"1117324";"PREFEITURA MUNICIPAL DE NOVA SANTA HELENA";"S";"N";"04214704000118";"M"
"1117332";"CAMARA MUNICIPAL DE SAO FELIX DO ARAGUAIA";"S";"N";"15051451000125";"M"
"1117340";"FUNDO MUNICIPAL DE PREVIDENCIA SOCIAL DE SANTO ANTONIO DE LEVERGER";"S";"S";"12606551000182";"M"
"1117373";"CAMARA MUNICIPAL DE NOVA SANTA HELENA";"S";"N";"04214699000143";"M"
"1117381";"CASA CIVIL DO ESTADO DE MATO GROSSO";"S";"N";"03507415000730";"E"
"1117936";"CAMARA MUNICIPAL DE ALTO PARAGUAI";"S";"N";"24977936000135";"M"
"1121128";"FUNDO MUNICIPAL DE PREVIDENCIA SOCIAL DE COMODORO";"S";"S";"04644976000158";"M"
"1123124";"INSTITUTO DE PESOS E MEDIDAS DE MATO GROSSO";"S";"N";"03326216000130";"E"
"1123132";"DEPARTAMENTO DE AGUA E ESGOTO DE VARZEA GRANDE";"S";"N";"02555079000142";"M"
"1123728";"ASSOCIACAO DOS MUNICIPIOS DO BAIXO ARAGUAIA";"S";"N";"00074487000157";"E"
"1116599";"PREFEITURA MUNICIPAL DE CURVELANDIA";"S";"N";"04217647000120";"M"
"1141944";"COMPANHIA DE DESENVOLVIMENTO DE VARZEA GRANDE";"S";"N";"03210952000128";"M"
"1115260";"FUNDO MUNICIPAL DE PREVIDENCIA SOCIAL DOS SERVIDORES DE NOVA XAVANTINA";"S";"S";"04909731000105";"M"
"1150549";"FUNDO DE DESENVOLVIMENTO DO ENSINO FUNDAMENTAL DE CLAUDIA";"S";"N";"01310499000104";"M"
"1116045";"CAMARA MUNICIPAL DE ALTA FLORESTA";"S";"N";"15359482000148";"M"
"1114248";"ENCARGOS GERAIS DO ESTADO - RECURSOS SOB A SUPERVISAO DA SEFAZ";"S";"N";"03507415000578";"E"
"1112572";"CAMARA MUNICIPAL DE PEDRA PRETA";"S";"N";"01974021000170";"M"
"1112747";"PREFEITURA MUNICIPAL DE PORTO DOS GAUCHOS";"S";"N";"03204187000133";"M"
"1117365";"EMPRESA MATOGROSSENSE DE PESQUISA, ASSISTENCIA E EXTENSAO RURAL S/A";"S";"N";"36886778000197";"E"
"1117944";"CAMARA MUNICIPAL DE PORTO ESTRELA";"S";"N";"24740144000142";"M"
"1120526";"PREFEITURA MUNICIPAL DE NOVA XAVANTINA";"S";"N";"15024045000173";"M"
"1121136";"PREFEITURA MUNICIPAL DE COMODORO";"S";"N";"01367853000129";"M"
"1121144";"PREFEITURA MUNICIPAL DE NOVA LACERDA";"S";"N";"01614519000122";"M"
"1121375";"PREFEITURA MUNICIPAL DE ARAPUTANGA";"S";"N";"15023914000145";"M"
"1122126";"PREFEITURA MUNICIPAL DE SERRA NOVA DOURADA";"S";"N";"04204945000186";"M"
"1122324";"CONSORCIO INTERMUNICIPAL DE SAUDE DA REGIAO DO ALTO TAPAJOS";"S";"N";"02228364000159";"M"
"1122548";"CAMARA MUNICIPAL DE JAURU";"S";"N";"24986374000196";"M"
"1116334";"FUNDO MUNICIPAL DE COMBATE E ERRADICACAO DA POBREZA DE CUIABA";"S";"N";"03533064000146";"M"
"1118728";"PREFEITURA MUNICIPAL DE ALTO PARAGUAI";"S";"N";"03648532000128";"M"
"1120336";"CONSORCIO INTERMUNICIPAL DE SAUDE DO OESTE DE MATO GROSSO";"S";"N";"01870663000120";"M"
"1121391";"FUNDO DE REEQUIPAMENTO DO CORPO DE BOMBEIROS";"S";"N";"04341359000183";"E"
"1121920";"FUNDO ESTADUAL DE SAUDE";"S";"N";"04441389000161";"E"
"1124320";"PREFEITURA MUNICIPAL DE NOVO HORIZONTE DO NORTE";"S";"N";"03238888000193";"M"
"1124528";"CONSORCIO INTERMUNICIPAL DE SAUDE DA REGIAO NORTE MATOGROSSENSE";"S";"N";"02056667000131";"M"
"1124536";"PREFEITURA MUNICIPAL DE ARAGUAINHA";"S";"N";"03947926000187";"M"
"1124726";"GOVERNO DO ESTADO DE MATO GROSSO";"S";"N";"03507415000144";"E"
"1116359";"FUNDO MUNICIPAL DE TURISMO DE CUIABA";"S";"N";"02416358000125";"M"
"1116367";"CAMARA MUNICIPAL DE NOVA MARINGA";"S";"N";"37464294000112";"M"
"1116375";"CAMARA MUNICIPAL DE NOSSA SENHORA DO LIVRAMENTO";"S";"N";"03987617000130";"M"
"1116680";"CAMARA MUNICIPAL DE SAO JOSE DO XINGU";"S";"N";"36920205000132";"M"
"1117761";"CAMARA MUNICIPAL DE PRIMAVERA DO LESTE";"S";"N";"24672727000183";"M"
"1117779";"PREFEITURA MUNICIPAL DE ITAUBA";"S";"N";"03238961000127";"M"
"1117837";"INSTITUTO DE ASSISTENCIA A SAUDE DOS SERVIDORES DO ESTADO";"S";"N";"05794356000168";"E"
"1117928";"PREFEITURA MUNICIPAL DE NOVA MONTE VERDE";"S";"N";"37465556000163";"M"
"1118173";"CAMARA MUNICIPAL DE ARENAPOLIS";"S";"N";"24977894000132";"M"
"1118330";"SERVICO MUNICIPAL AUTONOMO DE SANEAMENTO AMBIENTAL - PARANATINGA";"S";"N";"02794012000160";"M"
"1118520";"PREFEITURA MUNICIPAL DE GUARANTA DO NORTE";"S";"N";"03239019000183";"M"
"1118553";"CAMARA MUNICIPAL DE CAMPOS DE JULIO";"S";"N";"04281399000187";"M"
"1118942";"PREFEITURA MUNICIPAL DE ARENAPOLIS";"S";"N";"24977654000138";"M"
"1150341";"FUNDO ESTADUAL DE FOMENTO A CULTURA";"S";"N";"07303512000176";"E"
"1119742";"CAMARA MUNICIPAL DE NOVA BANDEIRANTES";"S";"N";"33683798000172";"M"
"1120328";"CAMARA MUNICIPAL DE PORTO ESPERIDIAO";"S";"N";"01327964000101";"M"
"1120724";"PREFEITURA MUNICIPAL DE JANGADA";"S";"N";"24772147000168";"M"
"1120732";"FUNDO MUNICIPAL DE PREVIDENCIA SOCIAL DE ARAPUTANGA";"S";"S";"03267152000143";"M"
"1122720";"CAMARA MUNICIPAL DE PLANALTO DA SERRA";"S";"N";"37465952000190";"M"
"1116581";"PREFEITURA MUNICIPAL DE RIO BRANCO";"S";"N";"15023997000172";"M"
"1116649";"CAMARA MUNICIPAL DE LUCAS DO RIO VERDE";"S";"N";"24772220000100";"M"
"1118744";"CAMARA MUNICIPAL DE UNIAO DO SUL";"S";"N";"01645303000124";"M"
"1118785";"FUNDO DE APOIO AO JUDICIARIO";"S";"N";"01872837000193";"E"
"1118959";"PREFEITURA MUNICIPAL DE LUCIARA";"S";"N";"03503620000131";"M"
"1119320";"TRIBUNAL DE CONTAS DO ESTADO DE MATO GROSSO";"S";"N";"15024128000162";"E"
"1120799";"PREFEITURA MUNICIPAL DE NOBRES";"S";"N";"03424272000107";"M"
"1121417";"SECRETARIA DE ESTADO DE PLANEJAMENTO E GESTAO ";"S";"N";"03507415000497";"E"
"1123934";"CAMARA MUNICIPAL DE NOVO HORIZONTE DO NORTE";"S";"N";"04172845000115";"M"
"1116326";"PREFEITURA MUNICIPAL DE PRIMAVERA DO LESTE";"S";"N";"01974088000105";"M"
"1116417";"PREFEITURA MUNICIPAL DE JURUENA";"S";"N";"24950461000193";"M"
"1116524";"FUNDO MUNICIPAL DE PREVIDENCIA DE JAURU";"S";"S";"14630786000135";"M"
"1116540";"PREFEITURA MUNICIPAL DE SAO JOSE DO XINGU";"S";"N";"37465317000103";"M"
"1116656";"FUNDO MUNICIPAL DE  PREVIDENCIA SOCIAL DOS SERVIDORES DE CANARANA";"S";"S";"04203025000143";"M"
"1116664";"FUNDO MUNICIPAL DE TRANSITO E TRANSPORTES URBANOS DE CUIABA";"S";"N";"01515590000158";"M"
"1117720";"PREFEITURA MUNICIPAL DE SAO PEDRO DA CIPA";"S";"N";"37464948000108";"M"
"1117738";"FUNDO MUNICIPAL DE PREVIDENCIA SOCIAL DOS SERVIDORES DE SAO JOSE DO RIO CLARO";"S";"S";"24978017000186";"M"
"1117845";"CAMARA MUNICIPAL DE COTRIGUACU";"S";"N";"37465895000140";"M"
"1118165";"FUNDO MUNICIPAL DE PREVIDENCIA SOCIAL DE PARANATINGA";"S";"S";"04971947000109";"M"
"1118348";"CAMARA MUNICIPAL DE COLNIZA";"S";"N";"04252523000186";"M"
"1121334";"PREFEITURA MUNICIPAL DE JUARA";"S";"N";"15072663000199";"M"
"1121342";"CAMARA MUNICIPAL DE RONDONOPOLIS";"S";"N";"00177279000183";"M"
"1124965";"PREFEITURA MUNICIPAL DE SANTA CARMEM";"S";"N";"37465283000157";"M"
"1148147";"PREFEITURA MUNICIPAL DE IPIRANGA DO NORTE";"S";"N";"07209245000172";"M"
"1116011";"PREFEITURA MUNICIPAL DE CONFRESA";"S";"N";"37464716000150";"M"
"1116037";"CONTROLADORIA GERAL DO ESTADO";"S";"N";"03507415001116";"E"
"1116078";"PREFEITURA MUNICIPAL DE TESOURO";"S";"N";"03543303000149";"M"
"1116094";"FUNDO DE DESENVOLVIMENTO DE POLITICAS AGROPECUARIAS";"S";"N";"03831189000152";"M"
"1116128";"CAMARA MUNICIPAL DE NOVA OLIMPIA";"S";"N";"24733537000129";"M"
"1116144";"FUNDO DE DESENVOLVIMENTO DO DESPORTO MUNICIPAL DE CUIABA";"S";"N";"04735414000110";"M"
"1116151";"CAMARA MUNICIPAL DE CACERES";"S";"N";"03960333000150";"M"
"1111418";"PREFEITURA MUNICIPAL DE JAURU";"S";"N";"15023948000130";"M"
"1111533";"INSTITUTO DE PREVIDENCIA DO SERVIDOR MUNICIPAL DE ALTA FLORESTA";"S";"S";"03544865000107";"M"
"1112036";"INSTITUTO DE DEFESA AGROPECUARIA DO ESTADO DE MATO GROSSO";"S";"N";"14939979000172";"E"
"1112184";"PREFEITURA MUNICIPAL DE VERA";"S";"N";"00179531000193";"M"
"1112200";"PREFEITURA MUNICIPAL DE NOVA MUTUM";"S";"N";"24772162000106";"M"
"1112218";"FUNDO MUNICIPAL DE PREVIDENCIA SOCIAL DOS SERVIDORES PUBLICOS DE RIBEIRAO CASCALHEIRA";"S";"S";"05030772000190";"M"
"1115724";"CAMARA MUNICIPAL DE NOVA UBIRATA";"S";"N";"01642066000148";"M"
"1112234";"PREFEITURA MUNICIPAL DE SANTA TEREZINHA";"S";"N";"15031669000118";"M"
"1112259";"FUNDO MUNICIPAL DE PREVIDENCIA SOCIAL DOS SERVIDORES DE VERA";"S";"S";"04244981000173";"M"
"1112267";"CAMARA MUNICIPAL DE BARRA DO GARCAS";"S";"N";"15051469000127";"M"
"1112531";"PREFEITURA MUNICIPAL DE NOVA MARILANDIA";"S";"N";"37464989000102";"M"
"1112689";"CAMARA MUNICIPAL DE NOBRES";"S";"N";"14961874000110";"M"
"1112713";"PREFEITURA MUNICIPAL DE CHAPADA DOS GUIMARAES";"S";"N";"03507530000119";"M"
"1112721";"PREFEITURA MUNICIPAL DE PONTES E LACERDA";"S";"N";"15023989000126";"M"
"1112739";"CAMARA MUNICIPAL DE NOVA XAVANTINA";"S";"N";"15372402000194";"M"
"1112952";"CAMARA MUNICIPAL DE PONTE BRANCA";"S";"N";"15943608000127";"M"
"1113133";"AGENCIA ESTADUAL DE REGULACAO DOS SERVICOS PUBLICOS DELEGADOS DO ESTADO DE MATO GROSSO";"S";"N";"03944082000110";"E"
"1113141";"SECRETARIA DE ESTADO DE CULTURA ESPORTE E LAZER";"S";"N";"00932042000160";"E"
"1113166";"CAMARA MUNICIPAL DE NOVA MARILANDIA";"S";"N";"24977902000140";"M"
"1113521";"PREFEITURA MUNICIPAL DE MIRASSOL DOESTE";"S";"N";"03755477000175";"M"
"1124973";"CAMARA MUNICIPAL DE BARRA DO BUGRES";"S";"N";"03953742000120";"M"
"1124981";"PREFEITURA MUNICIPAL DE RONDOLANDIA";"S";"N";"04221486000149";"M"
"1125004";"PREFEITURA MUNICIPAL DE INDIAVAI";"S";"N";"03239027000120";"M"
"1125152";"PREFEITURA MUNICIPAL DE PORTO ESPERIDIAO";"S";"N";"03238904000148";"M"
"1126952";"CAMARA MUNICIPAL DE RIO BRANCO";"S";"N";"15023096000180";"M"
"1128321";"FUNDO MUNICIPAL DE PREVIDENCIA DOS SERVIDORES DE RIO BRANCO";"S";"S";"14699999000113";"M"
"1125343";"CONSORCIO INTERMUNICIPAL DE SAUDE DO MEDIO ARAGUAIA";"S";"N";"02427361000144";"M"
"1125921";"UNIAO DAS CAMARAS MUNICIPAIS DO ESTADO DE MATO GROSSO";"S";"N";"33003757000198";"E"
"1127992";"DIRETORIA GESTORA DO EXTINTO FUNDO PARLAMENTAR DA ASSEMBLEIA LEGISLATIVA";"S";"N";"00966010000186";"E"
"1146752";"FUNDO MUNICIPAL DE PREVIDENCIA SOCIAL DOS SERVIDORES PUBLICOS DO MUNICIPIO DE DENISE";"S";"S";"03953718000190";"M"
"1113729";"PREFEITURA MUNICIPAL DE SAO JOSE DO RIO CLARO";"S";"N";"15024037000127";"M"
"1113737";"PREFEITURA MUNICIPAL DE SORRISO";"S";"N";"03239076000162";"M"
"1115948";"CAMARA MUNICIPAL DE DENISE";"S";"N";"33711318000130";"M"
"1111996";"FUNDO MUNICIPAL DE PREVIDENCIA SOCIAL DOS SERVIDORES DE PONTAL DO ARAGUAIA";"S";"S";"16538579000180";"M"
"1111889";"PREFEITURA MUNICIPAL DE CAMPO NOVO DO PARECIS";"S";"N";"24772287000136";"M"
"1111939";"PREFEITURA MUNICIPAL DE RIBEIRAOZINHO";"S";"N";"15943434000100";"M"
"1112010";"PREFEITURA MUNICIPAL DE PONTAL DO ARAGUAIA";"S";"N";"33000670000167";"M"
"1112135";"PREFEITURA MUNICIPAL DE SAPEZAL";"S";"N";"01614225000109";"M"
"1113752";"CAMARA MUNICIPAL DE SORRISO";"S";"N";"03238755000117";"M"
"1112937";"PROCURADORIA GERAL DE JUSTICA";"S";"N";"14921092000157";"E"
"1113745";"PREFEITURA MUNICIPAL DE UNIAO DO SUL";"S";"N";"01614538000159";"M"
"1113778";"PREFEITURA MUNICIPAL DE MATUPA";"S";"N";"24772188000154";"M"
"1113927";"SECRETARIA DE ESTADO DE SAUDE DE MATO GROSSO";"S";"N";"03507415000225";"E"
"1114180";"CAMARA MUNICIPAL DE CAMPO NOVO DO PARECIS";"S";"N";"37499332000172";"M"
"1114198";"SECRETARIA DE ESTADO DE CIENCIA, TECNOLOGIA E INOVACAO";"S";"N";"03507415002430";"E"
"1114222";"FUNDO DE DESENVOLVIMENTO DESPORTIVO DO ESTADO DE MATO GROSSO";"S";"N";"01755662000134";"E"
"1114297";"SECRETARIA DE ESTADO DE DESENVOLVIMENTO DO TURISMO";"S";"N";"00998859000131";"E"
"1114339";"SECRETARIA DE ESTADO DE PLANEJAMENTO";"S";"N";"03507415000659";"E"
"1114347";"PREFEITURA MUNICIPAL DE NOVO SAO JOAQUIM";"S";"N";"03238581000192";"M"
"1114438";"POLICIA JUDICIARIA CIVIL DE MATO GROSSO";"S";"N";"37465432000188";"E"
"1114446";"FUNDO MUNICIPAL DE PREVIDENCIA SOCIAL DE COLIDER";"S";"S";"32945594000108";"M"
"1114727";"COMPANHIA DE SANEAMENTO DO ESTADO DE MATO GROSSO";"S";"N";"03470358000176";"E"
"1115146";"SERVICO AUTONOMO DE AGUA E ESGOTO DE ROSARIO OESTE";"S";"N";"02774665000188";"M"
"1115179";"CAMARA MUNICIPAL DE SAO JOSE DO RIO CLARO";"S";"N";"37500949000160";"M"
"1115187";"PREFEITURA MUNICIPAL DE CACERES";"S";"N";"03214145000183";"M"
"1115229";"CAMARA MUNICIPAL DE PARANATINGA";"S";"N";"15359417000112";"M"
"1115237";"PREFEITURA MUNICIPAL DE NOVO SANTO ANTONIO";"S";"N";"04199966000150";"M"
"1111129";"PREFEITURA MUNICIPAL DE NOVA MARINGA";"S";"N";"37464831000124";"M"
"1112069";"CAMARA MUNICIPAL DE CAMPO VERDE";"S";"N";"24775181000196";"M"
"1112143";"CAMARA MUNICIPAL DE NOVA MUTUM";"S";"N";"24976961000102";"M"
"1112150";"FUNDACAO MUNICIPAL DE ENSINO SUPERIOR DE NOVA MUTUM";"S";"N";"00203134000100";"M"
"1112168";"PREFEITURA MUNICIPAL DE VARZEA GRANDE";"S";"N";"03507548000110";"M"
"1112176";"PREFEITURA MUNICIPAL DE PLANALTO DA SERRA";"S";"N";"37465176000129";"M"
"1112606";"TRIBUNAL DE JUSTICA DO ESTADO DE MATO GROSSO";"S";"N";"03535606000110";"E"
"1112754";"PREFEITURA MUNICIPAL DE GAUCHA DO NORTE";"S";"N";"01614539000101";"M"
"1112762";"CAMARA MUNICIPAL DE FIGUEIROPOLIS DOESTE";"S";"N";"01367804000196";"M"
"1113281";"INSTITUTO DE TERRAS DE MATO GROSSO";"S";"N";"03831971000171";"E"
"1113307";"CAMARA MUNICIPAL DE RIBEIRAOZINHO";"S";"N";"01829575000184";"M"
"1114206";"PREFEITURA MUNICIPAL DE SAO FELIX DO ARAGUAIA";"S";"N";"03918869000108";"M"
"1114263";"PREFEITURA MUNICIPAL DE CARLINDA";"S";"N";"01617905000178";"M"
"1114529";"FUNDACAO DE AMPARO A PESQUISA DO ESTADO DE MATO GROSSO";"S";"N";"02357455000194";"E"
"1115211";"PREFEITURA MUNICIPAL DE ARAGUAIANA";"S";"N";"03239035000176";"M"
"1115245";"CAMARA MUNICIPAL DE COLIDER";"S";"N";"00791210000145";"M"
"1115252";"FUNDO MUNICIPAL DE PREVIDENCIA SOCIAL DOS SERVIDORES DE NORTELANDIA";"S";"S";"04784024000130";"M"
"1115369";"FUNDACAO CENTRO DE REABILITACAO DOM AQUINO CORREA";"S";"N";"15037427000131";"E"
"1115385";"PREFEITURA MUNICIPAL DE QUERENCIA";"S";"N";"37465002000166";"M"
"1115435";"FUNDACAO MUTUENSE DE SAUDE";"S";"N";"24977613000141";"M"
"1115484";"FUNDO MUNICIPAL DE ASSISTENCIA SOCIAL DE CUIABA";"S";"N";"03533064000146";"M"
"1115492";"PREFEITURA MUNICIPAL DE COLIDER";"S";"N";"15023930000138";"M"
"1115526";"PREFEITURA MUNICIPAL DE NOVA GUARITA";"S";"N";"37465598000102";"M"
"1115542";"CAMARA MUNICIPAL DE JANGADA";"S";"N";"24772071000170";"M"
"1116532";"PREFEITURA MUNICIPAL DE SANTO ANTONIO DO LESTE";"S";"N";"04217362000190";"M"
"1116920";"DEPARTAMENTO ESTADUAL DE TRANSITO DO ESTADO DE MATO GROSSO";"S";"N";"03829702000170";"E"
"1117126";"PREFEITURA MUNICIPAL DE NOVA UBIRATA";"S";"N";"01614521000100";"M"
"1118199";"PREFEITURA MUNICIPAL DE NOVA BANDEIRANTES";"S";"N";"33683822000173";"M"
"1118546";"PREFEITURA MUNICIPAL DE CAMPOS DE JULIO";"S";"N";"01614516000199";"M"
"1146760";"JUIZADO DA INFANCIA E ADOLESCENCIA";"S";"N";"01872837000193";"E"
"1146778";"SECRETARIA MUNICIPAL DE SAUDE DE CACERES";"S";"N";"03214145000183";"M"
"1146786";"SECRETARIA MUNICIPAL DE SAUDE DE CAMPO VERDE";"S";"N";"24950495000188";"M"
"1120922";"FUNDO ESTADUAL DE AMPARO AO TRABALHADOR DO ESTADO DE MATO GROSSO";"S";"N";"05848933000157";"E"
"1121383";"CORPO DE BOMBEIROS MILITAR DE MATO GROSSO";"S";"N";"00284077000130";"E"
"1111871";"PREFEITURA MUNICIPAL DE NOSSA SENHORA DO LIVRAMENTO";"S";"N";"03507514000126";"M"
"1112192";"PREFEITURA MUNICIPAL DE BARRA DO GARCAS";"S";"N";"03439239000150";"M"
"1112770";"CAMARA MUNICIPAL DE PORTO DOS GAUCHOS";"S";"N";"24771776000173";"M"
"1112788";"PREFEITURA MUNICIPAL DE DENISE";"S";"N";"03953718000190";"M"
"1112929";"SERVICO AUTONOMO DE AGUA E ESGOTO DE TAPURAH";"S";"N";"24977126000189";"M"
"1113125";"PREFEITURA MUNICIPAL DE CUIABA";"S";"N";"03533064000146";"M"
"1113216";"PREFEITURA MUNICIPAL DE ACORIZAL";"S";"N";"03507571000105";"M"
"1113224";"PREFEITURA MUNICIPAL DE BRASNORTE";"S";"N";"01375138000138";"M"
"1113786";"FUNDO MUNICIPAL DE PREVIDENCIA SOCIAL DOS SERVIDORES DE SORRISO";"S";"S";"32946188000151";"M"
"1114123";"CAMARA MUNICIPAL DE CANARANA";"S";"N";"02575599000117";"M"
"1114131";"CAMARA MUNICIPAL DE SAO PEDRO DA CIPA";"S";"N";"32972507000101";"M"
"1114149";"FUNDACAO DE PROMOCAO SOCIAL";"S";"N";"03533353000145";"E"
"1114156";"FUNDO ESTADUAL DE ASSISTENCIA SOCIAL";"S";"N";"03533353000145";"E"
"1114164";"FUNDO MUNICIPAL DE PREVIDENCIA SOCIAL DOS SERVIDORES DE MATUPA";"S";"S";"03717851000148";"M"
"1114214";"PREFEITURA MUNICIPAL DE COLNIZA";"S";"N";"04213687000102";"M"
"1114230";"SECRETARIA DE ESTADO DE ESPORTES E LAZER";"S";"N";"03507415001973";"E"
"1114362";"FUNDO MUNICIPAL DE PREVIDENCIA SOCIAL DOS SERVIDORES DE TAPURAH";"S";"S";"04963339000144";"M"
"1114404";"CAMARA MUNICIPAL DE SANTO AFONSO";"S";"N";"03691778000182";"M"
"1114412";"PREFEITURA MUNICIPAL DE SANTA CRUZ DO XINGU";"S";"N";"04178518000170";"M"
"1115120";"CAMARA MUNICIPAL DE NOVA BRASILANDIA";"S";"N";"00235663000195";"M"
"1115195";"CONSORCIO INTERMUNICIPAL DE SAUDE DA REGIAO TELES PIRES";"S";"N";"00832086000119";"M"
"1115567";"IMPRENSA OFICIAL DO ESTADO DE MATO GROSSO";"S";"N";"03832334000110";"E"
"1115609";"PREFEITURA MUNICIPAL DE COTRIGUACU";"S";"N";"37465309000167";"M"
"1115617";"FUNDO MUNICIPAL DE PREVIDENCIA SOCIAL DOS SERVIDORES DE PLANALTO DA SERRA";"S";"S";"02274804000104";"M"
"1115781";"FUNDO DE GESTAO FAZENDARIA";"S";"N";"04250009000101";"E"
"1112663";"SECRETARIA DE ESTADO DE EDUCACAO";"S";"N";"03507415000810";"E"
"1111426";"CAMARA MUNICIPAL DE SAPEZAL";"S";"N";"01639708000150";"M"
"1112796";"PREFEITURA MUNICIPAL DE DIAMANTINO";"S";"N";"03648540000174";"M"
"1112804";"PREFEITURA MUNICIPAL DE TANGARA DA SERRA";"S";"N";"03788239000166";"M"
"1112812";"PREFEITURA MUNICIPAL DE ROSARIO OESTE";"S";"N";"03180924000105";"M"
"1112945";"FUNDO DE APOIO DO MINISTERIO PUBLICO DO ESTADO DE MATO GROSSO";"S";"N";"03591571000136";"E"
"1113158";"FUNDO ESTADUAL DE CULTURA";"S";"N";"00932042000160";"E"
"1113208";"CAMARA MUNICIPAL DE JACIARA";"S";"N";"24774184000105";"M"
"1113232";"FUNDO MUNICIPAL DE PREVIDENCIA SOCIAL DOS SERVIDORES DE POXOREU";"S";"S";"32972572000129";"M"
"1113240";"SECRETARIA DE ESTADO DE AGRICULTURA FAMILIAR";"S";"N";"03507415001205";"E"
"1113299";"FUNDACAO ESTADUAL DO MEIO AMBIENTE";"S";"N";"00333963000107";"E"
"1114255";"FUNDO MUNICIPAL DE PREVIDENCIA SOCIAL DOS SERVIDORES MUNICIPAIS DE NOVA OLIMPIA";"S";"S";"01875815000187";"M"
"1114420";"PREFEITURA MUNICIPAL DE NOVA OLIMPIA";"S";"N";"03238920000130";"M"
"1115393";"PREFEITURA MUNICIPAL DE VALE DE SAO DOMINGOS";"S";"N";"04215993000170";"M"
"1115401";"PREFEITURA MUNICIPAL DE CLAUDIA";"S";"N";"01310499000104";"M"
"1115443";"JUNTA COMERCIAL DO ESTADO DE MATO GROSSO";"S";"N";"03110616000103";"E"
"1115450";"PREFEITURA MUNICIPAL DE PEDRA PRETA";"S";"N";"03773942000109";"M"
"1115468";"PREFEITURA MUNICIPAL DE MARCELANDIA";"S";"N";"03238987000175";"M"
"1115476";"SECRETARIA DE ESTADO DE TRABALHO ASSISTENCIA SOCIAL E CIDADANIA";"S";"N";"03507415000900";"E"
"1115674";"PREFEITURA MUNICIPAL DE CONQUISTA DOESTE";"S";"N";"04219688000156";"M"
"1115690";"FUNDACAO UNIVERSIDADE DO ESTADO DE MATO GROSSO";"S";"N";"01367770000130";"E"
"1115708";"SERVICO AUTONOMO DE AGUA E ESGOTO DE CHAPADA DOS GUIMARAES";"S";"N";"04408208000103";"M"
"1115815";"EMPRESA MATO GROSSENSE DE TECNOLOGIA DA INFORMACAO";"S";"N";"15011059000152";"E"
"1115823";"CAMARA MUNICIPAL DE POCONE";"S";"N";"36910461000149";"M"
"1111723";"PREFEITURA MUNICIPAL DE FELIZ NATAL";"S";"N";"01614088000102";"M"
"1111962";"FUNDO MUNICIPAL DE PREVIDENCIA SOCIAL DOS SERVIDORES DO MUNICIPIO DE PARANAITA";"S";"S";"03222709000120";"M"
"1112655";"CAMARA MUNICIPAL DE RONDOLANDIA";"S";"N";"04222548000137";"M"
"1112291";"PREFEITURA MUNICIPAL DE NOVA BRASILANDIA";"S";"N";"15023963000188";"M"
"1112325";"PREFEITURA MUNICIPAL DE ARIPUANA";"S";"N";"03507498000171";"M"
"1112671";"CAMARA MUNICIPAL DE JUARA";"S";"N";"03476682000100";"M"
"1113257";"INSTITUTO DE PREVIDENCIA DE SINOP";"S";"S";"00571071000144";"M"
"1113265";"CAMARA MUNICIPAL DE PONTAL DO ARAGUAIA";"S";"N";"33000662000110";"M"
"1114321";"SECRETARIA DE ESTADO DE DESENVOLVIMENTO ECONOMICO";"S";"N";"03507415001388";"E"
"1114354";"CAMARA MUNICIPAL DE VARZEA GRANDE";"S";"N";"14971626000150";"M"
"1114388";"PREFEITURA MUNICIPAL DE SANTO AFONSO";"S";"N";"37464161000146";"M"
"1115153";"FUNDO ESTADUAL DE SEGURANCA PUBLICA";"S";"N";"04236167000107";"E"
"1115203";"CAMARA MUNICIPAL DE NORTELANDIA";"S";"N";"15061773000155";"M"
"1115419";"SECRETARIA DE ESTADO DE INFRAESTRUTURA E LOGISTICA";"S";"N";"04603701000176";"E"
"1115591";"INSTITUTO MUNICIPAL DE PREVIDENCIA SOCIAL DOS SERVIDORES DE COTRIGUACU";"S";"S";"05070835000131";"M"
"1115716";"FUNDO DE PREVIDENCIA SOCIAL DE VILA BELA DA SANTISSIMA TRINDADE";"S";"S";"10630626000135";"M"
"1115955";"FUNDACAO ASSISTENCIAL DE CHAPADA DOS GUIMARAES";"S";"N";"02485175000161";"M"
"1115971";"CAMARA MUNICIPAL DE ITIQUIRA";"S";"N";"00176362000138";"M"
"1115989";"CAMARA MUNICIPAL DE MATUPA";"S";"N";"36889921000102";"M"
"1115997";"CAMARA MUNICIPAL DE SANTO ANTONIO DE LEVERGER";"S";"N";"01619854000113";"M"
"1116003";"CAMARA MUNICIPAL DE ARIPUANA";"S";"N";"01875665000101";"M"
"1116029";"FUNDO MUNICIPAL DE PREVIDENCIA SOCIAL DOS SERVIDORES DE PORTO ESPERIDIAO";"S";"S";"03381077000147";"M"
"1116086";"FUNDO MUNICIPAL DOS DIREITOS DA CRIANCA E DO ADOLESCENTE DE CUIABA";"S";"N";"03533064000146";"M"
"1111764";"PREFEITURA MUNICIPAL DE CANARANA";"S";"N";"15023922000191";"M"
"1111327";"FUNDO UNICO MUNICIPAL DE EDUCACAO DE CUIABA";"S";"N";"00724394000120";"M"
"1111319";"PREFEITURA MUNICIPAL DE LUCAS DO RIO VERDE";"S";"N";"24772246000140";"M"
"1111749";"CAMARA MUNICIPAL DE FELIZ NATAL";"S";"N";"01641871000157";"M"
"1111830";"PREFEITURA MUNICIPAL DE NOVA NAZARE";"S";"N";"04202280000171";"M"
"1111921";"SERVICO DE SANEAMENTO AMBIENTAL DE RONDONOPOLIS";"S";"N";"03702217000131";"M"
"1111947";"CAMARA MUNICIPAL DE CUIABA";"S";"N";"33710823000160";"M"
"1111954";"PREFEITURA MUNICIPAL DE PARANAITA";"S";"N";"03239043000112";"M"
"1112275";"PREFEITURA MUNICIPAL DE AGUA BOA";"S";"N";"15023898000190";"M"
"1112283";"PREFEITURA MUNICIPAL DE NORTELANDIA";"S";"N";"03425170000106";"M"
"1112309";"PREFEITURA MUNICIPAL DE SINOP";"S";"N";"15024003000132";"M"
"1112580";"PREFEITURA MUNICIPAL DE VILA RICA";"S";"N";"03238862000145";"M"
"1112614";"CAMARA MUNICIPAL DE DIAMANTINO";"S";"N";"03932753000123";"M"
"1112648";"PREFEITURA MUNICIPAL DE PARANATINGA";"S";"N";"15023971000124";"M"
"1112838";"FUNDO ESTADUAL DE EDUCACAO";"S";"N";"24670846000105";"E"
"1113174";"PREFEITURA MUNICIPAL DE ALTO GARCAS";"S";"N";"03133097000107";"M"
"1113182";"CASA MILITAR DO GOVERNO DE ESTADO";"S";"N";"03507415001035";"E"
"1115559";"PREFEITURA MUNICIPAL DE GUIRATINGA";"S";"N";"03347127000170";"M"
"1113315";"CAMARA MUNICIPAL DE TAPURAH";"S";"N";"33005083000160";"M"
"1113323";"CAMARA MUNICIPAL DE POXOREU";"S";"N";"01975572000159";"M"
"1114172";"GABINETE DO VICE GOVERNADOR";"S";"N";"03507415002783";"E"
"1114271";"FUNDO MUNICIPAL DE PREVIDENCIA SOCIAL DOS SERVIDORES DO MUNICIPIO DE CARLINDA";"S";"S";"02870728000108";"M"
"1115377";"SERVICO AUTONOMO MUNICIPAL DE AGUA E ESGOTO DE TANGARA DA SERRA";"S";"N";"06068089000104";"M"
"1115534";"PREFEITURA MUNICIPAL DE DOM AQUINO";"S";"N";"03347119000123";"M"
"1111970";"CAMARA MUNICIPAL DE TERRA NOVA DO NORTE";"S";"N";"03130309000194";"M"
"1114289";"PREFEITURA MUNICIPAL DE PONTE BRANCA";"S";"N";"03503638000133";"M"
"1114305";"FUNDO MUNICIPAL DE PREVIDENCIA SOCIAL DOS SERVIDORES DE CUIABA";"S";"S";"26562272000179";"M"
"1114370";"PREFEITURA MUNICIPAL DE CANABRAVA DO NORTE";"S";"N";"37465200000120";"M"
"1150143";"FUNDO MUNICIPAL DE PREVIDENCIA SOCIAL DE NOVA CANAA DO NORTE";"S";"S";"07259759000132";"M"
"1150150";"FUNDO MUNICIPAL DE PREVIDENCIA SOCIAL DOS SERVIDORES DO MUNICIPIO DE NOVA SANTA HELENA";"S";"S";"07236008000109";"M"
"1114396";"FUNDO MUNICIPAL DE PREVIDENCIA SOCIAL DOS SERVIDORES DE SANTO AFONSO";"S";"S";"04204754000114";"M"
"1114941";"PREFEITURA MUNICIPAL DE NOVA CANAA DO NORTE";"S";"N";"03238912000194";"M"
"1115286";"CAMARA MUNICIPAL DE VILA RICA";"S";"N";"03148327000101";"M"
"1115328";"FUNDO MUNICIPAL DO MEIO AMBIENTE E DESENVOLVIMENTO URBANO DE CUIABA";"S";"N";"02987631000171";"M"
"1115351";"INSTITUTO MUNICIPAL DE PREVIDENCIA DOS SERVIDORES PUBLICOS DE PRIMAVERA DO LESTE";"S";"S";"05193668000116";"M"
"1115682";"CAMARA MUNICIPAL DE GUARANTA DO NORTE";"S";"N";"24672909000154";"M"
"1115922";"PREFEITURA MUNICIPAL DE ITIQUIRA";"S";"N";"03370251000156";"M"
"1115732";"CAMARA MUNICIPAL DE NOVO SAO JOAQUIM";"S";"N";"00965301000150";"M"
"1115740";"CAMARA MUNICIPAL DE JUINA";"S";"N";"15359219000159";"M"
"1115765";"SECRETARIA DE ESTADO DE FAZENDA DE MATO GROSSO";"S";"N";"03507415000578";"E"
"1115773";"PREFEITURA MUNICIPAL DE JACIARA";"S";"N";"03347135000116";"M"
"1115930";"FUNDACAO MUNICIPAL DE SAUDE DE PORTO DOS GAUCHOS";"S";"N";"00746765000175";"M"
"1115963";"PREFEITURA MUNICIPAL DE CAMPO VERDE";"S";"N";"24950495000188";"M"
"1121722";"PREFEITURA MUNICIPAL DE PEIXOTO DE AZEVEDO";"S";"N";"03238631000131";"M"
"1121730";"FUNDO MUNICIPAL DE PREVIDENCIA SOCIAL DOS SERVIDORES MUNICIPAIS DE PEIXOTO DE AZEVEDO";"S";"S";"01705187000191";"M"
"1122134";"PREFEITURA MUNICIPAL DE SALTO DO CEU";"S";"N";"15024011000189";"M"
"1116342";"FUNDO ESPECIAL DE PROMOCAO DE ATIVIDADES CULTURAIS DE CUIABA";"S";"N";"03403717000172";"M"
"1116383";"PROCURADORIA GERAL DO ESTADO DE MATO GROSSO";"S";"N";"03507415000306";"E"
"1116409";"FUNDO MUNICIPAL DE PREVIDENCIA DOS SERVIDORES PUBLICOS MUNICIPAL DE CAMPO NOVO DO PARECIS";"S";"S";"24734238000109";"M"
"1116557";"DEFENSORIA PUBLICA DO ESTADO DE MATO GROSSO";"S";"N";"02528193000183";"E"
"1116573";"PREFEITURA MUNICIPAL DE SAO JOSE DO POVO";"S";"N";"32972424000104";"M"
"1116672";"ASSOCIACAO MATOGROSSENSE DOS MUNICIPIOS";"S";"N";"00234260000121";"E"
"1117852";"CAMARA MUNICIPAL DE JURUENA";"S";"N";"26563734000172";"M"
"1118322";"CAMARA MUNICIPAL DE ACORIZAL";"S";"N";"26802330000194";"M"
"1118926";"SERVICO AUTONOMO DE AGUA E ESGOTO DE NOVA BRASILANDIA";"S";"N";"03900769000154";"M"
"1119130";"PREFEITURA MUNICIPAL DE BARRA DO BUGRES";"S";"N";"03507522000172";"M"
"1142173";"FUNDACAO CULTURAL DE CACERES";"S";"N";"01328269000164";"M"
"1142181";"FUNDO MUNICIPAL DE PREVIDENCIA SOCIAL DOS SERVIDORES DO MUNICIPIO DE NOVA NAZARE";"S";"S";"05301456000105";"M"
"1121367";"CAMARA MUNICIPAL DE ARAPUTANGA";"S";"N";"15023682000125";"M"
"1116565";"FUNDO MUNICIPAL DE PREVIDENCIA SOCIAL DOS SERVIDORES DO MUNICIPIO DE SANTO ANTONIO DO LESTE";"S";"S";"17891785000132";"M"
"1117134";"COMPANHIA MATOGROSSENSE DE GAS";"S";"N";"06023921000156";"E"
"1117357";"ASSOCIACAO DAS PRIMEIRAS DAMAS DOS MUNICIPIOS DO ESTADO DE MATO GROSSO";"S";"N";"01970461000150";"E"
"1117860";"SECRETARIA DE ESTADO DE COMUNICACAO SOCIAL";"S";"N";"03507415001540";"E"
"1118538";"CAMARA MUNICIPAL DE CHAPADA DOS GUIMARAES";"S";"N";"00809210000125";"M"
"1118967";"PREFEITURA MUNICIPAL DE TORIXOREU";"S";"N";"03503646000180";"M"
"1120930";"PREFEITURA MUNICIPAL DE RIBEIRAO CASCALHEIRA";"S";"N";"24772113000173";"M"
"1121524";"PREFEITURA MUNICIPAL DE POCONE";"S";"N";"03162872000144";"M"
"1142199";"FUNDO MUNICIPAL DE ASSISTENCIA SOCIAL DE SINOP";"S";"N";"01413759000169";"M"
"1142207";"CAMARA MUNICIPAL DE LUCIARA";"S";"N";"15051535000169";"M"
"1142215";"FUNDO MUNICIPAL DE SAUDE DO PONTAL DO ARAGUAIA";"S";"N";"33000670000167";"M"
"1142223";"FUNDO MUNICIPAL DE SAUDE DE SINOP";"S";"N";"15024003000132";"M"
"1142231";"FUNDO MUNICIPAL DE ENSINO FUNDAMENTAL DE SINOP";"S";"N";"15024003000132";"M"
"1142249";"CAMARA MUNICIPAL DE NOVA LACERDA";"S";"N";"01617459000100";"M"
"1142256";"SECRETARIA MUNICIPAL DE SAUDE DE SAO JOSE DO QUATRO MARCOS";"S";"N";"15024029000180";"M"
"1142264";"FUNDO MUNICIPAL DE PREVIDENCIA SOCIAL DE SAO JOSE DO POVO";"S";"S";"32972424000104";"M"
"1142272";"FUNDO MUNICIPAL DE SAUDE DE JAURU";"S";"N";"15023948000130";"M"
"1123736";"FUNDO DA INFANCIA E ADOLESCENCIA DE MATO GROSSO";"S";"N";"37499613000125";"E"
"1116607";"PREFEITURA MUNICIPAL DE JUINA";"S";"N";"15359201000157";"M"
"1116706";"CAMARA MUNICIPAL DE CURVELANDIA";"S";"N";"04217660000180";"M"
"1116722";"FUNDO MUNICIPAL DE PREVIDENCIA DE ALTO ARAGUAIA";"S";"S";"03724350000199";"M"
"1116730";"PREFEITURA MUNICIPAL DE CAMPINAPOLIS";"S";"N";"00965152000129";"M"
"1116748";"PREFEITURA MUNICIPAL DE JUSCIMEIRA";"S";"N";"15023955000131";"M"
"1117399";"FUNDO MUNICIPAL DE PREVIDENCIA SOCIAL DOS SERVIDORES DE CLAUDIA";"S";"S";"04718591000198";"M"
"1117951";"INSTITUTO MUNICIPAL DE PREVIDENCIA SOCIAL DOS SERVIDORES DE LUCAS DO RIO VERDE/MT";"S";"S";"24977548000154";"M"
"1118736";"CAMARA MUNICIPAL DE SINOP";"S";"N";"00814574000101";"M"
"1119122";"POLICIA MILITAR DO ESTADO DE MATO GROSSO";"S";"N";"24672842000158";"E"
"1119338";"FUNDO MUNICIPAL DE PREVIDENCIA SOCIAL DOS SERVIDORES DE BARRA DO GARCAS";"S";"S";"14332400000109";"M"
"1119726";"PREFEITURA MUNICIPAL DE SANTA RITA DO TRIVELATO";"S";"N";"04205596000117";"M"
"1121151";"CAMARA MUNICIPAL DE SANTA TEREZINHA";"S";"N";"03545571000108";"M"
"1121326";"PREFEITURA MUNICIPAL DE POXOREU";"S";"N";"03408911000140";"M"
"1121409";"CAMARA MUNICIPAL DE SAO JOSE DOS QUATRO MARCOS";"S";"N";"15023120000181";"M"
"1122142";"PREFEITURA MUNICIPAL DE ALTA FLORESTA";"S";"N";"15023906000107";"M"
"1122530";"FUNDO MUNICIPAL DE PREVIDENCIA DOS SERVIDORES PUBLICOS DE SANTA RITA DO TRIVELATO";"S";"S";"04333595000158";"M"
"1148154";"PREFEITURA MUNICIPAL DE ITANHANGA";"S";"N";"07209225000100";"M"
"1137355";"CONSORCIO INTERMUNICIPAL DE SAUDE DO VALE DO ARINOS";"S";"N";"06153406000190";"M"
"1137942";"COMPANHIA MATOGROSSENSE DE MINERACAO";"S";"N";"03020401000100";"E"
"1134147";"CAMARA MUNICIPAL DE CLAUDIA";"S";"N";"01311778000184";"M"
"1147149";"SECRETARIA MUNICIPAL DE SAUDE DE RONDONOPOLIS";"S";"N";"03347101000121";"M"
"1147156";"SECRETARIA MUNICIPAL DE SAUDE DE COLIDER";"S";"N";"15023930000138";"M"
"1147164";"ESCOLA DE SAUDE PUBLICA DR AGRICOLA PAES DE BARROS";"S";"N";"03507415000225";"M"
"1147172";"FUNDO MUNICIPAL DE PREVIDENCIA SOCIAL DOS SERVIDORES DE CONFRESA";"S";"S";"37464716000150";"M"
"1129949";"FUNDO MUNICIPAL DE PREVIDENCIA SOCIAL DOS SERVIDORES DE CHAPADA DOS GUIMARAES";"S";"S";"21847963000103";"M"
"1130129";"FUNDACAO DE SAUDE DE VARZEA GRANDE";"S";"N";"01049458000106";"M"
"1131143";"CAMARA MUNICIPAL DE PONTES E LACERDA";"S";"N";"15023278000151";"M"
"1133149";"PREFEITURA MUNICIPAL DE PORTO ALEGRE DO NORTE";"S";"N";"03238672000128";"M"
"1141746";"DEPARTAMENTO DE VIACAO E OBRAS PUBLICAS";"S";"N";"03480761000186";"E"
"1115278";"CAMARA MUNICIPAL DE SANTA CARMEM";"S";"N";"32944993000146";"M"
"1113190";"CAMARA MUNICIPAL DE ALTO GARCAS";"S";"N";"26561753000160";"M"
"1113794";"CAMARA MUNICIPAL DE BRASNORTE";"S";"N";"32983561000144";"M"
"1122522";"CAMARA MUNICIPAL DE SANTA RITA DO TRIVELATO";"S";"N";"04253983000129";"M"
"1116136";"CAMARA MUNICIPAL DE TABAPORA";"S";"N";"37465945000199";"M"
"1138148";"CAMARA MUNICIPAL DE VERA";"S";"N";"00179556000197";"M"
"1115831";"CONSORCIO INTERMUNICIPAL DE SAUDE DA REGIAO DO MEDIO NORTE MATOGROSSENSE";"S";"N";"02451265000131";"M"
"1118140";"FUNDACAO HOSPITALAR DE SAUDE MUNICIPAL DE ITAUBA";"S";"N";"00129245000113";"M"
"1116714";"PREFEITURA MUNICIPAL DE ALTO ARAGUAIA";"S";"N";"03579836000180";"M"
"1118181";"PREFEITURA MUNICIPAL DE RONDONOPOLIS";"S";"N";"03347101000121";"M"
"1119528";"PREFEITURA MUNICIPAL DE SAO JOSE DOS QUATRO MARCOS";"S";"N";"15024029000180";"M"
"1113760";"PREFEITURA MUNICIPAL DE TERRA NOVA DO NORTE";"S";"N";"01978212000100";"M"
"1123322";"FUNDO DE PREVIDENCIA SOCIAL DOS SERVIDORES MUNICIPAIS PUBLICOS DE NOBRES";"S";"S";"04463781000101";"M"
"1119924";"FUNDO MUNICIPAL DE PREVIDENCIA SOCIAL DOS SERVIDORES DE TERRA NOVA DO NORTE";"S";"S";"02839701000144";"M"
"1117407";"CAMARA MUNICIPAL DE GAUCHA DO NORTE";"S";"N";"01628557000134";"M"
"1147545";"BATALHAO DE POLICIA MILITAR RODOVIARIA";"S";"N";"24672842000662";"E"
"1147552";"DECIMO COMANDO DE POLICIAMENTO DE AREA DE JUARA";"S";"N";"24672842000158";"M"
"1131747";"FUNDO MUNICIPAL DE PREVIDENCIA SOCIAL DOS SERVIDORES PUBLICOS DE AGUA BOA";"S";"S";"03871331000195";"M"
"1131796";"CAMARA MUNICIPAL DE ROSARIO OESTE";"S";"N";"24977076000130";"M"
"1132547";"CAMARA MUNICIPAL DE NOVO MUNDO";"S";"N";"01623513000111";"M"
"1133750";"FUNDO MUNICIPAL DE PREVIDENCIA DOS SERVIDORES DO MUNICIPIO DE APIACAS";"S";"S";"03094874000143";"M"
"1133768";"CAMARA MUNICIPAL DE CONQUISTA DOESTE";"S";"N";"04219415000101";"M"
"1142942";"FUNDO DE MANUTENCAO DO ENSINO FUNDAMENTAL DE COCALINHO";"S";"N";"00965145000127";"M"
"1142959";"FUNDO MUNICIPAL DE PREVIDENCIA SOCIAL DOS SERVIDORES DE NOVA MUTUM";"S";"S";"23482454000141";"M"
"1132968";"CAMARA MUNICIPAL DE GUIRATINGA";"S";"N";"03545217000175";"M"
"1135748";"INSTITUTO DE SEGURIDADE SOCIAL DOS SERVIDORES MUNICIPAIS DE VARZEA GRANDE";"S";"S";"00584491000165";"M"
"1134550";"CAMARA MUNICIPAL DE GLORIA DOESTE";"S";"N";"24988644000106";"M"
"1135946";"CAMARA MUNICIPAL DE TORIXOREU";"S";"N";"01371202000102";"M"
"1137546";"INSTITUTO DE PREVIDENCIA DOS SERVIDORES MUNICIPAIS DE NOSSA SENHORA DO LIVRAMENTO";"S";"S";"03303941000192";"M"
"1149343";"CAMARA MUNICIPAL DE IPIRANGA DO NORTE";"S";"N";"07221699000169";"M"
"1148949";"CENTRO DE COMERCIO EXTERIOR DE MATO GROSSO";"S";"N";"07185334000126";"E"
"1149947";"SERVICO AUTONOMO DE AGUA E ESGOTO DE IPIRANGA DO NORTE";"S";"N";"07221747000119";"M"
"1135144";"ENCARGOS GERAIS DO ESTADO - RECURSOS SOB A SUPERVISAO DA SEPLAN";"S";"N";"03507415000659";"E"
"1128339";"CAMARA MUNICIPAL DE SANTA CRUZ DO XINGU";"S";"N";"04231760000160";"M"
"1128347";"CAMARA MUNICIPAL DE NOVA CANAA DO NORTE";"S";"N";"02094691000165";"M"
"1128727";"PREFEITURA MUNICIPAL DE FIGUEIROPOLIS DOESTE";"S";"N";"01367762000193";"M"
"1129121";"ASSEMBLEIA LEGISLATIVA DE MATO GROSSO";"S";"N";"03929049000111";"E"
"1127943";"SERVICO AUTONOMO DE AGUA E ESGOTO DE PLANALTO DA SERRA";"S";"N";"01371425000170";"M"
"1127950";"CAMARA MUNICIPAL DE NOVA NAZARE";"S";"N";"04244394000184";"M"
"1127968";"FUNDO AGRARIO DO ESTADO DE MATO GROSSO";"S";"N";"03507415001205";"E"
"1127976";"FUNDO DE PESQUISA AGRICOLA DE MATO GROSSO";"S";"N";"03507415001205";"E"
"1136555";"SERVICO AUTONOMO DE AGUA E ESGOTO DE LUCAS DO RIO VERDE";"S";"N";"01377043000153";"M"
"1134568";"PREFEITURA MUNICIPAL DE PORTO ESTRELA";"S";"N";"24740268000128";"M"
"1134949";"FUNDO MUNICIPAL DE PREVIDENCIA SOCIAL DOS SERVIDORES DE CAMPO VERDE";"S";"S";"00309037000104";"M"
"1112119";"CAMARA MUNICIPAL DE DOM AQUINO";"S";"N";"01975051000100";"M"
"1115161";"SECRETARIA DE ESTADO DE SEGURANCA PUBLICA";"S";"N";"03507415002864";"E"
"1127984";"FUNDO DE APOIO A CULTURA DO CAFE";"S";"N";"03507415001205";"E"
"1128123";"PREFEITURA MUNICIPAL DE NOVO MUNDO";"S";"N";"01614517000133";"M"
"1128529";"CAMARA MUNICIPAL DE TANGARA DA SERRA";"S";"N";"03954047000182";"M"
"1129147";"CAMARA MUNICIPAL DE BARAO DE MELGACO";"S";"N";"00088714000101";"M"
"1126325";"CAMARA MUNICIPAL DE ARAGUAINHA";"S";"N";"00073136000121";"M"
"1126333";"FUNDO MUNICIPAL DE PREVIDENCIA SOCIAL DOS SERVIDORES DE BARRA DO BUGRES";"S";"S";"03602259000109";"M"
"1128149";"CAMARA MUNICIPAL DE PORTO ALEGRE DO NORTE";"S";"N";"03148749000179";"M"
"1128354";"INSTITUTO MUNICIPAL DE PREVIDENCIA SOCIAL DE VILA RICA";"S";"S";"00937576000180";"M"
"1128925";"FUNDO MUNICIPAL DE PREVIDENCIA SOCIAL DOS SERVIDORES DO MUNICIPIO DE SANTA TEREZINHA";"S";"S";"05651897000137";"M"
"1129527";"CAMARA MUNICIPAL DE SERRA NOVA DOURADA";"S";"N";"04230951000108";"M"
"1129535";"CAMARA MUNICIPAL DE PARANAITA";"S";"N";"00831461000106";"M"
"1129725";"INSTITUTO DE PREVIDENCIA MUNICIPAL DE GUIRATINGA";"S";"S";"05302784000126";"M"
"1129931";"CENTRO ESTADUAL DE EDUCACAO PROFISSIONAL E TECNOLOGICA DE MATO GROSSO";"S";"N";"06126639000102";"E"
"1132950";"CAMARA MUNICIPAL DE TESOURO";"S";"N";"01974542000128";"M"
"1133743";"CAMARA MUNICIPAL DE APIACAS";"S";"N";"01327030000170";"M"
"1131366";"FUNDO MUNICIPAL DE PREVIDENCIA SOCIAL DE GUARANTA DO NORTE";"S";"S";"03201609000117";"M"
"1131770";"CAMARA MUNICIPAL DE RESERVA DO CABACAL";"S";"N";"01328483000110";"M"
"1131549";"COMPANHIA DE SANEAMENTO DA CAPITAL";"S";"N";"04707324000115";"M"
"1145549";"FUNDO MUNICIPAL DE SAUDE DE NOVO SAO JOAQUIM";"S";"N";"03238581000192";"M"
"1139146";"COMPANHIA MUNICIPAL DE GERENCIAMENTO DE TRANSPORTE DE RONDONOPOLIS";"S";"N";"06192519000103";"M"
"1139153";"CAMARA MUNICIPAL DE SAO JOSE DO POVO";"S";"N";"32972440000105";"M"
"1125129";"CAMARA MUNICIPAL DE CARLINDA";"S";"N";"01619852000124";"M"
"1127729";"PREFEITURA MUNICIPAL DE CASTANHEIRA";"S";"N";"24772154000160";"M"
"1130137";"CAMARA MUNICIPAL DE CANABRAVA DO NORTE";"S";"N";"36920221000125";"M"
"1130525";"CAMARA MUNICIPAL DE MARCELANDIA";"S";"N";"00179234000148";"M"
"1130723";"PREFEITURA MUNICIPAL DE VILA BELA DA SANTISSIMA TRINDADE";"S";"N";"03214160000121";"M"
"1130731";"FUNDO MUNICIPAL DE PREVIDENCIA SOCIAL DO MUNICIPIO DE JUARA";"S";"S";"20813563000106";"M"
"1124932";"FUNDO PENITENCIARIO DO ESTADO DE MATO GROSSO";"S";"N";"00989587000103";"E"
"1134543";"FUNDO MUNICIPAL DE PREVIDENCIA SOCIAL DOS SERVIDORES DE SAO JOSE DOS QUATRO MARCOS";"S";"S";"03556113000166";"M"
"1137140";"FUNDO MUNICIPAL DE PREVIDENCIA SOCIAL DOS SERVIDORES DE NOVA MONTE VERDE";"S";"S";"04732895000100";"M"
"1124999";"PREFEITURA MUNICIPAL DE ALTO BOA VISTA";"S";"N";"37465143000189";"M"
"1125723";"PREFEITURA MUNICIPAL DE BOM JESUS DO ARAGUAIA";"S";"N";"04173952000168";"M"
"1134741";"FUNDO MUNICIPAL DE PREVIDENCIA SOCIAL DOS SERVIDORES DE JACIARA";"S";"S";"01609895000129";"M"
"1127927";"INSTITUTO MUNICIPAL DE PREVIDENCIA SOCIAL DOS SERVIDORES DE CACERES";"S";"S";"02332486000190";"M"
"1124957";"CAMARA MUNICIPAL DE CASTANHEIRA";"S";"N";"24771859000162";"M"
"1125335";"PREFEITURA MUNICIPAL DE TABAPORA";"S";"N";"37464997000140";"M"
"1126929";"CAMARA MUNICIPAL DE LAMBARI DOESTE";"S";"N";"24756751000109";"M"
"1126945";"CAMARA MUNICIPAL DE SALTO DO CEU";"S";"N";"15023062000196";"M"
"1126960";"PREFEITURA MUNICIPAL DE BARAO DE MELGACO";"S";"N";"03507563000169";"M"
"1127521";"CAMARA MUNICIPAL DE ITAUBA";"S";"N";"03148731000177";"M"
"1135342";"CONSORCIO INTERMUNICIPAL DE SAUDE DO VALE DO JURUENA";"S";"N";"04931808000143";"M"
"1138544";"CONSORCIO REGIONAL DE SAUDE SUL DE MATO GROSSO";"S";"N";"05238413000122";"M"
"1138742";"FUNDO MUNICIPAL DE PREVIDENCIA SOCIAL DOS SERVIDORES DE GENERAL CARNEIRO";"S";"S";"05535209000173";"M"
"1129337";"INSTITUTO DE SEGURIDADE SOCIAL DOS SERVIDORES DO PODER LEGISLATIVO DE MATO GROSSO";"S";"S";"37464005000185";"E"
"1129345";"CAMARA MUNICIPAL DE PEIXOTO DE AZEVEDO";"S";"N";"37499373000169";"M"
"1129352";"SERVICO AUTONOMO DE AGUA E ESGOTO DE NOVA GUARITA";"S";"N";"00274036000163";"M"
"1129923";"FUNDO ESTADUAL DE EDUCACAO PROFISSIONAL";"S";"N";"06126632000182";"E"
"1130145";"FUNDO MUNICIPAL DE PREVIDENCIA SOCIAL DOS SERVIDORES DE JURUENA";"S";"S";"03502516000122";"M"
"1130327";"DEPARTAMENTO DA AGUA E ESGOTO SANITARIO DE JUINA";"S";"N";"04709778000125";"M"
"1124924";"SERVICO AUTONOMO DE AGUA E ESGOTO DE NOVA MUTUM";"S";"N";"24977100000130";"M"
"1125012";"CAMARA MUNICIPAL DE JUSCIMEIRA";"S";"N";"24774499000152";"M"
"1125137";"PREFEITURA MUNICIPAL DE APIACAS";"S";"N";"01321850000154";"M"
"1125145";"PREFEITURA MUNICIPAL DE RESERVA DO CABACAL";"S";"N";"01367788000131";"M"
"1138346";"FUNDO MUNICIPAL DE PREVIDENCIA SOCIAL DOS SERVIDORES DO MUNICIPIO DE QUERENCIA";"S";"S";"03747911000175";"M"
"1131788";"CAMARA MUNICIPAL DE CAMPINAPOLIS";"S";"N";"33000100000177";"M"
"1131812";"CAMARA MUNICIPAL DE VILA BELA DA SANTISSIMA TRINDADE";"S";"N";"15023294000144";"M"
"1132141";"FUNDO CONSTITUCIONAL DE RECONSTITUICAO DE BENS LESADOS";"S";"N";"00333963000107";"E"
"1132745";"INSTITUTO DE PREVIDENCIA DOS SERVIDORES PUBLICOS MUNCIPAIS DE COCALINHO";"S";"S";"00068071000126";"M"
"1132943";"CAMARA MUNICIPAL DE NOVO SANTO ANTONIO";"S";"N";"04230950000163";"M"
"1133545";"CAMARA MUNICIPAL DE INDIAVAI";"S";"N";"24986945000192";"M"
"1130749";"CAMARA MUNICIPAL DE RIBEIRAO CASCALHEIRA";"S";"N";"24990152000147";"M"
"1131556";"CONSORCIO INTERMUNICIPAL DE SAUDE DA REGIAO DO GARCAS ARAGUAIA";"S";"N";"02575700000130";"M"
"1131804";"CAMARA MUNICIPAL DE ALTO TAQUARI";"S";"N";"01362763000145";"M"
"1132976";"INSTITUTO DE ASSISTENCIA A SAUDE DOS SERVIDORES PUBLICOS MUNICIPAIS DE RONDONOPOLIS";"S";"N";"06016527000190";"M"
"1132984";"INSTITUTO MUNICIPAL DE PREVIDENCIA SOCIAL DOS SERVIDORES DE RONDONOPOLIS";"S";"S";"32974503000154";"M"
"1133941";"FUNDO MUNICIPAL DE PREVIDENCIA SOCIAL DOS SERVIDORES DE MARCELANDIA";"S";"S";"03197975000140";"M"
"1134345";"CAMARA MUNICIPAL DE COMODORO";"S";"N";"03109581000192";"M"
"1137348";"CAMARA MUNICIPAL DE NOVA MONTE VERDE";"S";"N";"33683772000124";"M"
"1139542";"FUNDO MUNICIPAL UNICO DE SAUDE DE CUIABA";"S";"N";"15084338000146";"M"
"1131341";"PREFEITURA MUNICIPAL DE GENERAL CARNEIRO";"S";"N";"03503612000195";"M"
"1131754";"CAMARA MUNICIPAL DE ARAGUAIANA";"S";"N";"00965384000187";"M"
"1130947";"FUNDO DE PREVIDENCIA SOCIAL DOS SERVIDORES DO MUNICIPIO DE RIBEIRAOZINHO";"S";"S";"11702296000109";"M"
"1131762";"CAMARA MUNICIPAL DE AGUA BOA";"S";"N";"00964924000108";"M"
"1131358";"CAMARA MUNICIPAL DE VALE DE SAO DOMINGOS";"S";"N";"04216009000195";"M"
"1131564";"CAMARA MUNICIPAL DE CONFRESA";"S";"N";"37465358000108";"M"
"1131945";"CAMARA MUNICIPAL DE ALTO BOA VISTA";"S";"N";"01365238000183";"M"
"1132349";"CAMARA MUNICIPAL DE GENERAL CARNEIRO";"S";"N";"15051477000173";"M"
"1135540";"FUNDO MUNICIPAL DE PREVIDENCIA SOCIAL DE SAO FELIX DO ARAGUAIA";"S";"S";"01559870000168";"M"
"1139559";"FUNDACAO INTERMUNICIPAL DE ENSINO SUPERIOR DO NORTE MATO-GROSSENSE";"S";"N";"02829610000128";"E"
"1139740";"PROGRESSO E DESENVOLVIMENTO DA CAPITAL S/A";"S";"N";"03831799000156";"M"
"1133347";"COMPANHIA DE DESENVOLVIMENTO DE CACERES";"S";"N";"15362700000101";"M"
"1125327";"FUNDO MUNICIPAL DE PREVIDENCIA SOCIAL DE LAMBARI DOESTE";"S";"S";"04487545000125";"M"
"1125525";"CAMARA MUNICIPAL DE SANTO ANTONIO DO LESTE";"S";"N";"04217371000180";"M"
"1126127";"PREFEITURA MUNICIPAL DE GLORIA DOESTE";"S";"N";"37464955000100";"M"
"1126523";"PREFEITURA MUNICIPAL DE TAPURAH";"S";"N";"24772253000141";"M"
"1126721";"FUNDO MUNICIPAL DE PREVIDENCIA DOS SERVIDORES MUNICIPAIS DE ARAGUAINHA";"S";"S";"02526924000151";"M"
"1126937";"CAMARA MUNICIPAL DE NOVA GUARITA";"S";"N";"01909326000107";"M"
"1127125";"PREFEITURA MUNICIPAL DE SANTO ANTONIO DE LEVERGER";"S";"N";"03507555000112";"M"
"1127323";"PREFEITURA MUNICIPAL DE LAMBARI DOESTE";"S";"N";"37465408000149";"M"
"1129139";"FUNDO MUNICIPAL DE PREVIDENCIA SOCIAL DE NOVO HORIZONTE DO NORTE";"S";"S";"05222621000133";"M"
"1136746";"CONSORCIO INTERMUNICIPAL DE SAUDE DO ARAGUAIA E XINGU";"S";"N";"02601738000130";"M"
"1136944";"FUNDO MUNICIPAL DE SAUDE DO MUNICIPIO DE PONTES E LACERDA";"S";"N";"04330355000108";"M"
"1136142";"FUNDO MUNICIPAL DE PREVIDENCIA SOCIAL DOS SERVIDORES DE PORTO ESTRELA";"S";"S";"16743083000149";"M"
"1140342";"FUNDO DE APOIO A CULTURA DO ALGODAO";"S";"N";"02404786000138";"E"
"1146547";"SECRETARIA MUNICIPAL DE SAUDE DE DOM AQUINO";"S";"N";"03347119000123";"M"
"1139344";"FUNDO MUNICIPAL DE PREVIDENCIA SOCIAL DE PONTE BRANCA";"S";"S";"13302362000189";"M"
"1144344";"FUNDO DE DESENVOLVIMENTO DE ENSINO FUNDAMENTAL DE PORTO ESTRELA";"S";"N";"24740268000128";"M"
"1144351";"FUNDO MUNICIPAL DE SAUDE DE SAO JOSE DOS QUATRO MARCOS";"S";"N";"15024029000180";"M"
"1147347";"CONSORCIO INTERMUNICIPAL DE SAUDE DA REGIAO SUL LESTE MATOGROSSENSE - RONDONOPOLIS";"S";"N";"02220057000121";"M"
"1147354";"CONSELHO DE ACOMPANHAMENTO E CONTROLE SOCIAL DO FUNDEF DE ALTO PARAGUAI";"S";"N";"33333333333328";"M"
"1147362";"ASSOCIACAO DE MORADORES DA VILA SAO SEBASTIAO DO MUNICIPIO DE SAO FELIX DO ARAGUAIA";"S";"N";"22222222222259";"M"
"1146794";"SECRETARIA MUNICIPAL DE SAUDE DE ARAPUTANGA";"S";"N";"15023914000145";"M"
"1146802";"SECRETARIA MUNICIPAL DE SAUDE DE COMODORO";"S";"N";"01367853000129";"M"
"1146810";"SECRETARIA MUNICIPAL DE SAUDE DE SORRISO";"S";"N";"03239076000162";"M"
"1146828";"SECRETARIA MUNICIPAL DE SAUDE DE NOVA LACERDA";"S";"N";"01614519000122";"M"
"1146836";"SECRETARIA MUNICIPAL DE SAUDE DE GUIRATINGA";"S";"N";"03347127000170";"M"
"1146844";"FUNDO MUNICIPAL DE SAUDE DE TESOURO";"S";"N";"03543303000149";"M"
"1146851";"FUNDO MUNICIPAL DE ASSISTENCIA SOCIAL DE TESOURO";"S";"N";"03543303000149";"M"
"1146869";"SECRETARIA MUNICIPAL DE SAUDE DE ARIPUANA";"S";"N";"03507498000171";"M"
"1146877";"SECRETARIA MUNICIPAL DE SAUDE DE ALTO GARCAS";"S";"N";"03133097000107";"M"
"1146885";"SECRETARIA MUNICIPAL DE SAUDE DE PORTO ALEGRE DO NORTE";"S";"N";"03238672000128";"M"
"1146893";"SECRETARIA MUNICIPAL DE SAUDE DE GUARANTA DO NORTE";"S";"N";"03239019000183";"M"
"1140144";"ESCOLA DE GOVERNO DO ESTADO DE MATO GROSSO";"S";"N";"06163107000137";"E"
"1144542";"BANCO DO ESTADO DO MATO GROSSO SA";"S";"N";"03468907000178";"E"
"1147941";"CAMARA MUNICIPAL DE ITANHANGA";"S";"N";"07209260000110";"M"
"1138940";"ENCARGOS GERAIS DO ESTADO - RECURSOS SOB A SUPERVISAO DA SEGES";"S";"N";"03507415000497";"E"
"1138957";"FUNDO DE DESENVOLVIMENTO DO SISTEMA DE PESSOAL";"S";"N";"03507415000497";"E"
"1146745";"FUNDO DE PREVIDENCIA SOCIAL DOS SERVIDORES PUBLICOS MUNICIPAIS DE TORIXOREU";"S";"S";"05888435000138";"M"
"1139948";"CAMARA MUNICIPAL DE QUERENCIA";"S";"N";"03892042000172";"M"
"1146943";"SECRETARIA MUNICIPAL DE SAUDE DE VILA RICA";"S";"N";"03238862000145";"M"
"1143346";"FUNDO MUNICIPAL DE SAUDE DE COTRIGUACU";"S";"N";"37465309000167";"M"
"1143742";"FUNDO MUNICIPAL DE SAUDE DE RESERVA DO CABACAL";"S";"N";"01367788000131";"M"
"1143759";"FUNDO MUNICIPAL DE PREVIDENCIA SOCIAL DE RESERVA DO CABACAL";"S";"S";"10681463000110";"M"
"1143767";"FUNDO DE DESENVOLVIMENTO DO ENSINO FUNDAMENTAL E VALORIZACAO DO MAGISTERIO DE RIBEIRAO CASCALHEIRA";"S";"N";"24772113000173";"M"
"1143775";"FUNDO DE DESENVOLVIMENTO DO ENSINO FUNDAMENTAL DO PONTAL DO ARAGUAIA";"S";"N";"33000670000167";"M"
"1142348";"FUNDO DE TRANSPORTE E HABITACAO";"S";"N";"04603701000176";"E"
"1141142";"CONSELHO ESTADUAL DE DEFESA DOS DIREITOS DA CRIANCA - CUIABA";"S";"N";"37499613000125";"E"
"1144146";"UNIDADE REGIONAL DA FEMA EM BARRA DO GARCAS";"S";"N";"00333963000107";"M"
"1144153";"UNIDADE REGIONAL DA FEMA EM ALTA FLORESTA";"S";"N";"00333963000107";"M"
"1144161";"FUNDO MUNICIPAL DESENVOLVIMENTO ENSINO FUNDAMENTAL DE SAO JOSE RIO CLARO";"S";"N";"15024037000127";"M"
"1144179";"FUNDO DE DESENVOLVIMENTO DO ENSINO FUNDAMENTAL DE SANTA CARMEM";"S";"N";"37465283000157";"M"
"1145945";"FUNDO DE MANUTENCAO E DESENVOLVIMENTO DO ENSINO FUNDAMENTAL - PARANATINGA";"S";"N";"15023971000124";"M"
"1145952";"FUNDO DE MANUTENCAO DE ENSINO FUNDAMENTAL E VALORIZACAO DO MAGISTERIO - BRASNORTE";"S";"N";"01375138000138";"M"
"1142140";"CONSORCIO INTERMUNICIPAL DE SAUDE DO ARAGUAIA";"S";"N";"04805882000113";"M"
"1143007";"FUNDO MUNICIPAL DE SAUDE DE BARRA DO GARCAS";"S";"N";"03439239000150";"M"
"1143015";"FUNDO MUNICIPAL DE EDUCACAO DE JAURU";"S";"N";"15023948000130";"M"
"1143023";"FUNDO MUNICIPAL DE SAUDE DE GENERAL CARNEIRO";"S";"N";"03503612000195";"M"
"1143031";"FUNDO DE VALORIZACAO DO MAGISTERIO DE JACIARA";"S";"N";"03347135000116";"M"
"1144948";"AGENCIA DE FOMENTO DO ESTADO DE MATO GROSSO SA";"S";"N";"06284531000130";"E"
"1145143";"FUNDO MUNICIPAL DE EDUCACAO DE JACIARA";"S";"N";"03347135000116";"M"
"1141357";"SECRETARIA ESPECIAL DO MEIO AMBIENTE";"S";"N";"01234567890123";"E"
"1140748";"COMPANHIA DE DESENVOLVIMENTO DO ESTADO DE MATO GROSSO";"S";"N";"03474053000132";"E"
"1137744";"COMPANHIA DE DESENVOLVIMENTO DE RONDONOPOLIS";"S";"N";"03940848000199";"M"
"1141548";"INSTITUTO DE PREVIDENCIA DO ESTADO DE MATO GROSSO";"S";"S";"03021771000153";"E"
"1143049";"UNIDADE REGIONAL DA FEMA - CACERES";"S";"N";"00333963000107";"M"
"1143056";"FUNDO DE DESENVOLVIMENTO DO ENSINO FUNDAMENTAL E VALORIZACAO DO MAGISTERIO DE NOVA BANDEIRANTES";"S";"N";"33683822000173";"M"
"1143148";"SECRETARIA MUNICIPAL DO BEM ESTAR SOCIAL DE CUIABA";"S";"N";"03533064000146";"M"
"1146349";"INSTITUTO DE SEGURIDADE SOCIAL DOS SERVIDORES PUBLICOS MUNICIPAIS DE JUSCIMEIRA";"S";"S";"00419500000162";"M"
"1142744";"AGENCIA MUNICIPAL DE SERVICOS DE SANEAMENTO DE CUIABA";"S";"N";"02652195000180";"M"
"1142751";"FUNDO MUNICIPAL DE PREVIDENCIA SOCIAL DE PORTO DOS GAUCHOS";"S";"S";"02241346000107";"M"
"1142769";"FUNDO MUNICIPAL DE PREVIDENCIA SOCIAL DE CAMPINAPOLIS";"S";"S";"04102088000103";"M"
"1145747";"FUNDO MUNICIPAL DOS DIREITOS DA CRIANCA E DO ADOLESCENTE DE SINOP";"S";"N";"15024003000132";"M"
"1145754";"FUNDO DE DESENVOLVIMENTO DE ENSINO FUNDAMENTAL DE BARRA DO BUGRES";"S";"N";"03507522000172";"M"
"1147743";"OUVIDORIA GERAL DO TRIBUNAL DE CONTAS";"S";"N";"15024128000162";"E"
"1141340";"CONSELHO ESTADUAL DE DEFESA DOS DIREITOS DO IDOSO - CUIABA";"S";"N";"37499613000125";"E"
"1143544";"FUNDO MUNICIPAL ESPECIAL DE CUSTEIO DO SERVICO DE ILUMINACAO PUBLICA DE CUIABA";"S";"N";"05592272000141";"M"
"1143551";"SECRETARIA MUNICIPAL DE SAUDE DE CUIABA";"S";"N";"15084338000146";"M"
"1143569";"COMPANHIA DE ARMAZENS E SILOS DO ESTADO DE MATO GROSSO";"S";"N";"03468550000128";"E"
"1143940";"FUNDO DE DESENVOLVIMENTO DO ENSINO FUNDAMENTAL DE TERRA NOVA DO NORTE";"S";"N";"01978212000100";"M"
"1143957";"INSTITUTO DE SEGURIDADE SOCIAL DOS SERVIDORES DO PODER JUDICIARIO DO ESTADO DE MATO GROSSO";"S";"S";"00192845000126";"E"
"1142777";"FUNDO MUNICIPAL DE PREVIDENCIA SOCIAL DE BARAO DE MELGACO";"S";"S";"05204707000133";"M"
"1142967";"CONSORCIO INTERMUNICIPAL DE SAUDE DO VALE DO PEIXOTO";"S";"N";"02997711000108";"M"
"1142785";"FUNDO MUNICIPAL DE PREVIDENCIA SOCIAL DOS SERVIDORES DE ARIPUANA";"S";"S";"03507498000252";"M"
"1144757";"SECRETARIA MUNICIPAL DE EDUCACAO DE CUIABA";"S";"N";"01973841000148";"M"
"1118934";"PREVIDENCIA DOS SERVIDORES PUBLICO MUNICIPAL DE NOVA BRASILANDIA";"S";"S";"02834061000180";"M"
"1142165";"FUNDACAO DE APOIO AO ENSINO SUPERIOR PUBLICA ESTADUAL";"S";"N";"01226390000185";"E"
"1144740";"FUNDO DE AVAL DO ESTADO DE MATO GROSSO";"S";"N";"03753084000122";"E"
"1144369";"FUNDO DE ENSINO FUNDAMENTAL MUNICIPAL DE PORTO ESPERIDIAO";"S";"N";"03238904000148";"M"
"1144377";"FUNDO MUNICIPAL DE PREVIDENCIA SOCIAL DOS SERVIDORES PUBLICOS DE TABAPORA";"S";"S";"14994961000173";"M"
"1142975";"FUNDO DE APOIO AO DESENVOLVIMENTO DOS MUNICIPIOS";"S";"N";"00114015000180";"M"
"1142983";"AGENCIA MUNICIPAL DE HABITACAO POPULAR DE CUIABA";"S";"N";"04337600000109";"M"
"1142991";"SERVICO AUTONOMO DE AGUA E ESGOTO DE CASTANHEIRA";"S";"N";"02532577000170";"M"
"1143791";"COMPANHIA DE DESENVOLVIMENTO DE POXOREU";"S";"N";"01426485000142";"M"
"1145341";"FUNDO DE MANUTENCAO E DESENVOLVIMENTO DO ENSINO FUNDAMENTAL DE CAMPOS DE JULIO";"S";"N";"01614516000199";"M"
"1145556";"COMPANHIA DE DESENVOLVIMENTO DE ALTA FLORESTA";"S";"N";"01726595000120";"M"
"1140946";"COMPANHIA DE HABITACAO POPULAR DO ESTADO DE MATO GROSSO";"S";"N";"03470515000143";"E"
"1153147";"FUNDO MUNICIPAL DE PREVIDENCIA SOCIAL DE GAUCHA DO NORTE";"S";"S";"16637983000101";"M"
"1152149";"FUNDO MUNICIPAL DE PREVIDENCIA SOCIAL DOS SERVIDORES DE ROSARIO OESTE";"S";"S";"14016416000102";"M"
"1149145";"GABINETE DO GOVERNADOR";"S";"N";"03507415000730";"E"
"1148345";"DELEGACIA ESPECIALIZADA FAZENDARIA E ADMINISTRACAO PUBLICA";"S";"N";"37465432000188";"E"
"1151547";"CONSORCIO INTERMUNICIPAL DE DESENVOLVIMENTO ECONOMICO E SOCIAL DO ALTO DO RIO PARAGUAI";"S";"N";"07898631000119";"M"
"1151554";"FUNDO MUNICIPAL DE PREVIDENCIA SOCIAL DOS SERVIDORES DE NOVA UBIRATA";"S";"S";"07836047000139";"M"
"1152552";"FUNDO MUNICIPAL DE PREVIDENCIA DE CASTANHEIRA";"S";"S";"15525571000117";"M"
"1150747";"SECRETARIA DE ESTADO DO MEIO AMBIENTE";"S";"N";"03507415002350";"E"
"1148956";"FUNDO PARTILHADO DE INVESTIMENTOS SOCIAIS";"S";"N";"06318004000107";"E"
"1148964";"FUNDO ESTADUAL DE DEFESA DO CONSUMIDOR DO ESTADO DE MATO GROSSO";"S";"N";"05916661000185";"E"
"1149541";"FUNDO DE APOIO AS ATIVIDADES PRODUTIVAS POPULARES DE CUIABA";"S";"N";"03533064000146";"M"
"1149749";"FUNDO MUNICIPAL DOS DIREITOS DA PESSOA IDOSA DE CUIABA";"S";"N";"03533064000146";"M"
"1149756";"FUNDO MUNICIPAL DE APOIO AO DEFICIENTE DE CUIABA";"S";"N";"03533064000146";"M"
"1149764";"FUNDO MUNICIPAL DOS DIREITOS DA MULHER DE CUIABA";"S";"N";"03533064000146";"M"
"1150754";"FUNDO ESTADUAL DO MEIO AMBIENTE";"S";"N";"07472738000109";"E"
"1151349";"CONSORCIO INTERMUNICIPAL DE SAUDE DA REGIAO DO VALE DO GUAPORE";"S";"N";"07770343000184";"M"
"1120534";"PREFEITURA MUNICIPAL DE COCALINHO";"S";"N";"00965145000127";"M"
"1129329";"CAMARA MUNICIPAL DE COCALINHO";"S";"N";"01373182000109";"M"
"1152743";"SERVICO AUTONOMO DE AGUA E ESGOTO DE SINOP";"S";"N";"07984231000126";"M"
"1151141";"CONSORCIO INTERMUNICIPAL DE SAUDE DA REGIAO CENTRO NORTE DO ESTADO";"S";"N";"07588711000178";"M"
"1151943";"SERVICO AUTONOMO DE AGUA E ESGOTO DE MIRASSOL DOESTE";"S";"N";"07745657000127";"M"
"1152941";"CONSORCIO INTERMUNICIPAL DE DESENVOLVIMENTO ECONOMICO E SOCIAL DO VALE DO RIO CUIABA";"S";"N";"07950742000127";"M"
"1153345";"FUNDO MUNICIPAL DE PREVIDENCIA SOCIAL DE PONTES E LACERDA";"S";"S";"10654059000157";"M"
"1153543";"CONSORCIO INTERMUNICIPAL DE DESENVOLVIMENTO ECONOMICO E SOCIAL DO VALE DO TELES PIRES";"S";"N";"07996239000102";"M"
"1153949";"FUNDO MUNICIPAL DE PREVIDENCIA SOCIAL DE ACORIZAL";"S";"S";"13490452000140";"M"
"1154541";"FUNDO MUNICIPAL DE PREVIDENCIA DE JUINA";"S";"S";"10693863000145";"M"
"1153741";"FUNDO MUNICIPAL DE PREVIDENCIA SOCIAL DOS SERVIDORES DE IPIRANGA DO NORTE";"S";"S";"08226022000186";"M"
"1154343";"MATO GROSSO PREVIDENCIA";"S";"S";"22594192000144";"E"
"1154145";"FUNDO MUNICIPAL DE GESTAO INTEGRADA E COOPERADA DA EDUCACAO DE SAO FELIX DO ARAGUAIA";"S";"N";"08341748000160";"M"
"1154749";"FUNDO MUNICIPAL DE PREVIDENCIA SOCIAL DOS SERVIDORES DE CONQUISTA DOESTE";"S";"S";"14728481000160";"M"
"1155159";"CONSORCIO INTERMUNICIPAL DE DESENVOLVIMENTO ECONOMICO SOCIAL E AMBIENTAL DA REGIAO SUL - CAMPO VERDE";"S";"N";"08051612000115";"M"
"1156348";"CONSORCIO INTERMUNICIPAL DE DESENVOLVIMENTO ECONOMICO, SOCIAL E AMBIENTAL VALE DO JURUENA";"S";"N";"08962660000165";"M"
"1156959";"CONSORCIO INTERMUNICIPAL DE DESENVOLVIMENTO ECONOMICO, SOCIAL E AMBIENTAL ARAGUAIA";"S";"N";"08957566000118";"M"
"1157148";"SERVICO AUTONOMO DE AGUA E ESGOTO DE APIACAS";"S";"N";"01812651000149";"M"
"1157544";"CONSORCIO INTERMUNICIPAL DE DESENVOLVIMENTO ECONOMICO, SOCIAL E AMBIENTAL - PORTAL DO ARAGUAIA";"S";"N";"09235065000190";"M"
"1155340";"FUNDO MUNICIPAL DE PREVIDENCIA SOCIAL DE NOVO MUNDO";"S";"S";"15066080000155";"M"
"1156140";"CONSORCIO INTERMUNICIPAL DE DESENVOLVIMENTO ECONOMICO, SOCIAL E AMBIENTAL VALE DO GUAPORE";"S";"N";"08964532000150";"M"
"1157346";"CONSORCIO INTERMUNICIPAL DE DESENVOLVIMENTO ECONOMICO, SOCIAL E TURISTICO DO COMPLEXO NASCENTE DO PANTANAL";"S";"N";"08979143000107";"M"
"1156546";"CONSORCIO INTERMUNICIPAL DE DESENVOLVIMENTO ECONOMICO SOCIAL E AMBIENTAL ALTO TELES PIRES";"S";"N";"08952135000169";"M"
"1156744";"CONSORCIO INTERMUNICIPAL DE DESENVOLVIMENTO ECONOMICO SOCIAL E AMBIENTAL DO MEDIO ARAGUAIA";"S";"N";"09237626000190";"M"
"1156751";"ASSOCIACAO DOS MUNICIPIOS DO NORTE DO ARAGUAIA";"S";"N";"09250463000186";"E"
"1154947";"FUNDO MUNICIPAL DE PREVIDENCIA SOCIAL DOS SERVIDORES DE NOVA MARILANDIA";"S";"S";"13715755000114";"M"
"1155548";"CONSORCIO INTERMUNICIPAL DE DESENVOLVIMENTO SUSTENTAVEL PORTAL DA AMAZONIA";"S";"N";"08920483000154";"M"
"1155746";"FUNDO MUNICIPAL DE PREVIDENCIA SOCIAL DE COLNIZA";"S";"S";"18136872000147";"M"
"1155944";"FUNDO MUNICIPAL DE PREVIDENCIA SOCIAL DE CURVELANDIA";"S";"S";"13924377000189";"M"
"1159276";"FUNDACAO MUNICIPAL DE SAUDE PREFEITO SAMUEL GREVE - MIRASSOL DOESTE";"S";"N";"17683906000150";"M"
"1159284";"SECRETARIA MUNICIPAL DE AGRICULTURA E ABASTECIMENTO";"S";"N";"03533064000146";"M"
"1159250";"CENTRAL DE ABASTECIMENTO DO ESTADO DE MATO GROSSO S/A";"S";"N";"18297232000119";"E"
"1159268";"FUNDACAO MUNICIPAL DE SAUDE DE ALTO TAQUARI - FUNSAT";"S";"N";"14794575000138";"M"
"1157742";"FUNDACAO EDUCACIONAL DE CUIABA";"S";"N";"06229437000188";"M"
"1158344";"CONSORCIO INTERMUNICIPAL DE DESENVOLVIMENTO ECONOMICO,SOCIAL E AMBIENTAL NASCENTE DO ARAGUAIA";"S";"N";"09399352000136";"M"
"1157940";"FUNDO MUNICIPAL DOS DIREITOS DA CRIANCA E ADOLECENTES DE APIACAS";"S";"N";"08687967000103";"M"
"1158542";"CONSORCIO INTERMUNICIPAL DE DESENVOLVIMENTO SOCIO-ECONOMICO E AMBIENTAL VALE DO ARINOS";"S";"N";"09309331000182";"M"
"1158146";"CONSORCIO INTERMUNICIPAL DE DESENVOLVIMENTO ECONOMICO SOCIAL AMBIENTAL NORTE ARAGUAIA";"S";"N";"09410164000161";"M"
"1158740";"FUNDACAO NOVA CHANCE";"S";"N";"09490144000148";"E"
"1158971";"MINISTERIO PUBLICO DE CONTAS";"S";"N";"";"E"
"1158963";"AGENCIA ESTADUAL DE EXECUCAO DOS PROJETOS DA COPA DO MUNDO DO PANTANAL";"S";"N";"11343269000197";"E"
"1159011";"ASSOCIACAO DOS CONSORCIOS INTEMUNICIPAIS DE DESENVOLVIMENTO ECONOMICO DE MATO GROSSO";"S";"N";"11515199000107";"E"
"1159052";"FUNDO MUNICIPAL DE SAUDE DE NOVA LACERDA";"S";"N";"01614519000203";"M"
"1159045";"FUNDO MUNICIPAL DE PREVIDENCIA SOCIAL DOS SERVIDORES DE ITIQUIRA";"S";"S";"12079657000175";"M"
"1158757";"SECRETARIA MUNICIPAL DE GOVERNO";"S";"N";"03533064000146";"M"
"1158765";"CONTROLADORIA-GERAL DE CUIABA";"S";"N";"03533064000146";"M"
"1158773";"PROCURADORIA GERAL DO MUNICIPIO DE CUIABA";"S";"N";"03533064000146";"M"
"1158781";"GABINETE DA(O) VICE-PREFEITA(O) DE CUIABA";"S";"N";"03533064000146";"M"
"1158799";"SECRETARIA MUNICIPAL DE PLANEJAMENTO DE CUIABA";"S";"N";"03533064000146";"M"
"1158807";"SECRETARIA MUNICIPAL DE FAZENDA DE CUIABA";"S";"N";"03533064000146";"M"
"1158815";"SECRETARIA MUNICIPAL DE ASSISTENCIA SOCIAL E DESENVOLVIMENTO HUMANO DE CUIABA";"S";"N";"03533064000146";"M"
"1158823";"SECRETARIA MUNICIPAL DE DEFESA E CIDADANIA DE CUIABA";"S";"N";"03533064000146";"M"
"1158831";"SECRETARIA MUNICIPAL DE ESPORTE E CIDADANIA DE CUIABA";"S";"N";"03533064000146";"M"
"1158849";"SECRETARIA MUNICIPAL DE INFRA-ESTRUTURA DE CUIABA";"S";"N";"03533064000146";"M"
"1158856";"SECRETARIA MUNICIPAL DE MEIO AMBIENTE E DESENVOLVIMENTO URBANO DE CUIABA";"S";"N";"03533064000146";"M"
"1158864";"SECRETARIA MUNICIPAL DO TRABALHO E DESENVOLVIMENTO ECONOMICO DE CUIABA";"S";"N";"03533064000146";"M"
"1158872";"SECRETARIA MUNICIPAL DE MOBILIDADE URBANA DE CUIABA";"S";"N";"03533064000146";"M"
"1158880";"INSTITUTO MUNICIPAL DE PESQUISA E DESENVOLVIMENTO URBANO DE CUIABA";"S";"N";"03533064000146";"M"
"1158898";"SECRETARIA MUNICIPAL DE COMUNICACAO DE CUIABA";"S";"N";"03533064000146";"M"
"1158906";"SECRETARIA MUNICIPAL DE CULTURA, ESPORTE E TURISMO DE CUIABA";"S";"N";"03533064000146";"M"
"1158914";"SECRETARIA MUNICIPAL DE EDUCACAO, DESPORTO E LAZER DE CUIABA";"S";"N";"03533064000146";"M"
"1159037";"FUNDO MUNICIPAL DE PREVIDENCIA SOCIAL DOS SERVIDORES DE FELIZ NATAL";"S";"S";"11624451000116";"M"
"1159029";"SECRETARIA MUNICIPAL EXTRAORDINARIA PARA ASSUNTOS DA COPA DO MUNDO DE 2014 E TURISMO - CUIABA";"S";"N";"03533064000146";"M"
"1158989";"FUNDO MUNICIPAL DE SAUDE DE RIBEIRAO CASCALHEIRA";"S";"N";"11404669000165";"M"
"1158997";"FUNDO MUNICIPAL DE PREVIDENCIA SOCIAL DOS SERVIDORES PUBLICOS DO MUNICIPIO DE ITAUBA";"S";"S";"14693131000106";"M"
"1159003";"FUNDO MUNICIPAL DE SAUDE DE NOVA NAZARE";"S";"N";"11394499000185";"M"
"1158922";"OUVIDORIA GERAL DO MUNICIPIO DE CUIABA";"S";"N";"03533064000146";"M"
"1158948";"FUNDO MUNICIPAL DE PREVIDENCIA SOCIAL DE VALE DE SAO DOMINGOS";"S";"S";"11569716000120";"M"
"1158930";"TESOURO DO ESTADO DE MATO GROSSO";"S";"N";"03507415000144";"E"
"1158955";"FUNDO MUNICIPAL DE SAUDE DO MUNICIPIO DE SORRISO";"S";"N";"10601346000107";"M"
"1159086";"SECRETARIA DE ESTADO DE JUSTICA E DIREITOS HUMANOS";"S";"N";"03507415002007";"E"
"1159094";"INSTITUTO MUNICIPAL DE PREVIDENCIA SOCIAL DOS SERVIDORES DE TANGARA DA SERRA";"S";"S";"13694270000191";"M"
"1159060";"FUNDO MUNICIPAL DE SAUDE DE VILA BELA DA SANTISSIMA TRINDADE";"S";"N";"11540349000132";"M"
"1159110";"SECRETARIA MUNICIPAL DE DESENVOLVIMENTO URBANO DE CUIABA";"S";"N";"03533064000146";"M"
"1159144";"SECRETARIA MUNICIPAL DE ASSUNTOS ESTRATEGICOS EM BRASILIA DE CUIABA";"S";"N";"03533064000146";"M"
"1159151";"SECRETARIA MUNICIPAL DE MEIO AMBIENTE E ASSUNTOS FUNDIARIOS DE CUIABA";"S";"N";"03533064000146";"M"
"1159078";"SECRETARIA DE ESTADO DAS CIDADES";"S";"N";"03507415001620";"E"
"1159102";"SECRETARIA ESTADUAL EXTRAORDINARIA DA COPA DO MUNDO - FIFA 2014";"S";"N";"03507415003240";"E"
"1159128";"SECRETARIA MUNICIPAL DE TURISMO DE CUIABA";"S";"N";"03533064000146";"M"
"1159136";"SECRETARIA MUNICIPAL DE GESTAO DE CUIABA";"S";"N";"03533064000146";"M"
"1159169";"SECRETARIA MUNICIPAL DE HABITACAO DE CUIABA";"S";"N";"03533064000146";"M"
"1159177";"SECRETARIA MUNICIPAL DE HABITACAO E REGULARIZACAO FUNDIARIA DE CUIABA";"S";"N";"03533064000146";"M"
"1159193";"SECRETARIA MUNICIPAL DA JUVENTUDE DE CUIABA";"S";"N";"03533064000146";"M"
"1159201";"SECRETARIA DE OBRAS PUBLICAS DE CUIABA";"S";"N";"03533064000146";"M"
"1159219";"SECRETARIA DE SERVICOS URBANOS DE CUIABA";"S";"N";"03533064000146";"M"
"1159185";"AGENCIA MUNICIPAL DE REGULACAO DOS SERVICOS PUBLICOS DE AGUA E ESGOTAMENTO SANITARIO DO MUNICIPIO DE CUIABA";"S";"N";"15316737000195";"M"
"1159227";"FUNDO MUNICIPAL DE PREVIDENCIA SOCIAL DOS SERVIDORES DE NOVA LACERDA";"S";"S";"17487897000122";"M"
"1159243";"SECRETARIA MUNICIPAL DE APOIO A SEGURANCA PUBLICA";"S";"N";"03533064000146";"M"
"1159235";"MT PARCERIAS S.A.";"S";"N";"17816442000103";"E"
"1159326";"AGENCIA REGULADORA DOS SERVICOS PUBLICOS DELEGADOS DO MUNICIPIO DE SINOP";"S";"N";"21403080000104";"M"
"1159318";"LOTERIA DO ESTADO DE MATO GROSSO";"S";"N";"14696759000165";"E"
"1159573";"GOVERNADORIA";"S";"N";"03507415000730";"E"
"1159334";"SECRETARIA MUNICIPAL DE ORDEM PUBLICA";"S";"N";"03533064000146";"M"
"1159342";"REGIME PROPRIO DE PREVIDENCIA SOCIAL DOS SERVIDORES DO MUNICIPIO DE ARAGUAIANA/MT";"S";"S";"22599663000107";"M"
"1159300";"AGENCIA DE DESENVOLVIMENTO METROPOLITANA DA REGIAO DO VALE DO RIO CUIABA";"S";"N";"18674520000145";"E"
"1159441";"FUNDO MUNICIPAL DE PREVIDENCIA SOCIAL DOS SERVIDORES DE GLORIA DOESTE-MT";"S";"S";"24637657000122";"M"
"1159433";"FUNDO MUNICIPAL DE PREVIDENCIA SOCIAL DOS SERVIDORES DE MIRASSOL DOESTE MT";"S";"S";"24179668000106";"M"
"1159425";"SERVICO DE SANEAMENTO AMBIENTAL DE AGUAS DO PANTANAL";"S";"N";"22794608000178";"M"
"1159409";"CONSORCIO PUBLICO DE SAUDE VALE DO TELES PIRES";"S";"N";"23019551000100";"M"
"1159359";"AGENCIA MUNICIPAL DE REGULACAO DE SERVICOS PUBLICOS DELEGADOS DE CUIABA - ARSEC";"S";"N";"22435579000158";"M"
"1159367";"GABINETE DE ARTICULACAO E DESENVOLVIMENTO REGIONAL";"S";"N";"03507415003321";"E"
"1159375";"GABINETE DE GOVERNO";"S";"N";"03507415003593";"E"
"1159383";"GABINETE DE ASSUNTOS ESTRATEGICOS";"S";"N";"03507415003402";"E"
"1159391";"GABINETE DE TRANSPARENCIA E COMBATE A CORRUPCAO";"S";"N";"03507415003674";"E"
"1159417";"EMPRESA CUIABANA DE SAUDE PUBLICA";"S";"N";"21873611000114";"M"
"1159581";"FUNDO MUNICIPAL DE PREVIDENCIA SOCIAL DOS SERVIDORES DE JANGADA/MT";"S";"S";"35547084000162";"M"
"1159599";"CONSORCIO INTERESTADUAL DE DESENVOLVIMENTO DO BRASIL CENTRAL";"S";"N";"23791169000102";"E"
"1159607";"CONSORCIO INTERMUNICIPAL DE SAUDE VALE DO RIO CUIABA";"S";"";"36833348000107";""
"1159466";"LIMPURB EMPRESA CUIABANA DE LIMPEZA URBANA";"S";"N";"24180627000130";"M"
"1159458";"REDE DE CONTROLE DA GESTAO PUBLICA DE MATO GROSSO";"S";"N";"15024128000162";"E"
"1159482";"CONSORCIO PUBLICO INTERMUNICIPAL DE GESTAO DOS REGIMES PROPRIOS DE PREVIDENCIA SOCIAL DOS MUNICIPIOS MATO-GROSSENSES";"S";"N";"26469179000114";"M"
"1159474";"CAB CUIABA S/A - CONCESSIONARIA DE SERVICOS PUBLICOS DE AGUA E ESGOTO";"S";"N";"14995581000153";"M"
"1159490";"FUNDACAO PARA O DESENVOLVIMENTO AGRO AMBIENTAL, CIENTIFICO E TECNOLOGICO DE SORRISO - FUNDACAO SORRISO";"S";"N";"24005296000100";"M"
"1159516";"SECRETARIA MUNICIPAL DE INOVACAO E COMUNICACAO";"S";"N";"03533064000146";"M"
"1159508";"INSTITUTO MATO-GROSSENSE DA CARNE - IMAC";"S";"N";"08240635000178";"E"
"1159524";"AGENCIA REGULADORA DE SERVICOS PUBLICOS DELEGADOS DO MUNICIPIO E BARRA DO GARCAS - AGER";"S";"N";"27836166000107";"M"
"1159557";"FUNDO MUNICIPAL DE PREVIDENCIA SOCIAL DOS SERVIDORES DE FIGUEIROPOLIS DOESTE";"S";"S";"31896120000142";"M"
"1159540";"SERVICO DE APOIO AS MICRO E PEQUENAS EMPRESAS DO ESTADO DE MATO GROSSO";"S";"N";"03534450000152";"E"
"1159532";"SECRETARIA MUNICIPAL EXTRAORDINARIA CUIABA 300 ANOS";"S";"N";"03533064000146";"M"
"1159565";"AGENCIA REGULADORA DE SERVICOS PUBLICOS DELEGADOS DO MUNICIPIO DE SORRISO";"S";"N";"33981065000114";"M"
